account_id,customer_id,account_type,base_currency,market,country_code,open_date,account_status,risk_rating,maker_checker_required,access_scope,last_review_date
ACC-0000001,CUST-000311,SEGREGATED,USD,NASDAQ,US,2024-10-30,ACTIVE,MEDIUM,Y,OPS_SENSITIVE,2026-06-21
ACC-0000002,CUST-000190,CASH,USD,NASDAQ,US,2019-03-17,ACTIVE,MEDIUM,Y,OPS_STANDARD,2025-02-04
ACC-0000003,CUST-000128,OMNIBUS,CAD,TSX,CA,2026-02-14,ACTIVE,HIGH,Y,OPS_STANDARD,2026-06-02
ACC-0000004,CUST-000456,PLEDGE,USD,NYSE,US,2023-12-21,ACTIVE,MEDIUM,Y,OPS_SENSITIVE,2025-12-04
ACC-0000005,CUST-000497,CASH,USD,NYSE,US,2025-02-13,ACTIVE,LOW,Y,OPS_STANDARD,2025-08-01
ACC-0000006,CUST-000031,PLEDGE,EUR,EURONEXT,FR,2024-07-12,ACTIVE,LOW,Y,OPS_SENSITIVE,2025-08-27
ACC-0000007,CUST-000216,OMNIBUS,CAD,TSX,CA,2024-02-27,ACTIVE,LOW,Y,OPS_RESTRICTED,2026-01-21
ACC-0000008,CUST-000384,SAFEKEEPING,USD,NYSE,US,2020-12-24,ACTIVE,LOW,Y,OPS_STANDARD,2026-06-17
ACC-0000009,CUST-000096,SEGREGATED,USD,NASDAQ,US,2024-06-21,ACTIVE,LOW,Y,OPS_STANDARD,2025-09-29
ACC-0000010,CUST-000084,PLEDGE,USD,NYSE,US,2026-04-15,ACTIVE,LOW,Y,OPS_STANDARD,2025-07-31
ACC-0000011,CUST-000482,OMNIBUS,EUR,EURONEXT,FR,2022-05-04,ACTIVE,LOW,Y,OPS_STANDARD,2026-05-15
ACC-0000012,CUST-000087,SAFEKEEPING,EUR,XETRA,DE,2025-01-28,ACTIVE,MEDIUM,Y,OPS_SENSITIVE,2025-02-10
ACC-0000013,CUST-000455,SAFEKEEPING,USD,NYSE,US,2022-04-24,ACTIVE,HIGH,Y,OPS_STANDARD,2026-03-03
ACC-0000014,CUST-000017,SEGREGATED,EUR,EURONEXT,FR,2025-05-19,ACTIVE,MEDIUM,Y,OPS_STANDARD,2025-08-10
ACC-0000015,CUST-000340,SEGREGATED,USD,NYSE,US,2019-05-16,ACTIVE,LOW,Y,OPS_STANDARD,2025-06-11
ACC-0000016,CUST-000395,CASH,EUR,XETRA,DE,2025-04-28,ACTIVE,LOW,Y,OPS_STANDARD,2026-02-17
ACC-0000017,CUST-000311,CASH,USD,NASDAQ,US,2025-03-02,DORMANT,MEDIUM,Y,OPS_SENSITIVE,2025-11-11
ACC-0000018,CUST-000486,SAFEKEEPING,EUR,XETRA,DE,2025-09-10,ACTIVE,LOW,Y,OPS_STANDARD,2025-05-27
ACC-0000019,CUST-000381,PLEDGE,USD,NYSE,US,2026-02-26,DORMANT,MEDIUM,Y,OPS_STANDARD,2025-08-20
ACC-0000020,CUST-000457,CASH,SGD,SGX,SG,2021-09-14,ACTIVE,HIGH,Y,OPS_RESTRICTED,2026-01-12
ACC-0000021,CUST-000440,OMNIBUS,GBP,LSE,GB,2020-10-16,ACTIVE,MEDIUM,Y,OPS_SENSITIVE,2026-05-21
ACC-0000022,CUST-000172,PLEDGE,USD,NASDAQ,US,2024-11-17,ACTIVE,MEDIUM,Y,OPS_SENSITIVE,2025-11-14
ACC-0000023,CUST-000001,CASH,AUD,ASX,AU,2025-11-05,DORMANT,LOW,Y,OPS_STANDARD,2025-03-02
ACC-0000024,CUST-000392,PLEDGE,USD,NYSE,US,2024-03-10,ACTIVE,LOW,Y,OPS_STANDARD,2025-04-16
ACC-0000025,CUST-000435,SAFEKEEPING,CAD,TSX,CA,2020-12-20,RESTRICTED,LOW,Y,OPS_STANDARD,2026-04-29
ACC-0000026,CUST-000346,PLEDGE,USD,NYSE,US,2025-07-30,ACTIVE,LOW,Y,OPS_STANDARD,2026-04-19
ACC-0000027,CUST-000211,CASH,EUR,XETRA,DE,2019-06-09,DORMANT,LOW,Y,OPS_RESTRICTED,2025-05-11
ACC-0000028,CUST-000473,PLEDGE,GBP,LSE,GB,2021-11-12,CLOSED,MEDIUM,Y,OPS_STANDARD,2025-08-31
ACC-0000029,CUST-000308,SEGREGATED,USD,NYSE,US,2025-06-29,ACTIVE,HIGH,Y,OPS_STANDARD,2025-03-06
ACC-0000030,CUST-000012,OMNIBUS,GBP,LSE,GB,2024-03-16,ACTIVE,MEDIUM,Y,OPS_STANDARD,2025-06-27
ACC-0000031,CUST-000209,OMNIBUS,EUR,EURONEXT,FR,2020-12-10,ACTIVE,LOW,Y,OPS_STANDARD,2025-03-05
ACC-0000032,CUST-000425,OMNIBUS,USD,NASDAQ,US,2017-03-12,ACTIVE,LOW,Y,OPS_STANDARD,2025-05-16
ACC-0000033,CUST-000256,CASH,CAD,TSX,CA,2018-12-31,ACTIVE,MEDIUM,Y,OPS_STANDARD,2025-03-25
ACC-0000034,CUST-000260,PLEDGE,USD,NYSE,US,2024-06-21,CLOSED,MEDIUM,Y,OPS_STANDARD,2025-12-20
ACC-0000035,CUST-000302,CASH,USD,NYSE,US,2025-11-01,ACTIVE,LOW,Y,OPS_SENSITIVE,2025-11-03
ACC-0000036,CUST-000431,SEGREGATED,CAD,TSX,CA,2025-07-03,RESTRICTED,LOW,Y,OPS_STANDARD,2025-12-20
ACC-0000037,CUST-000182,CASH,SGD,SGX,SG,2018-08-10,ACTIVE,LOW,Y,OPS_STANDARD,2025-01-02
ACC-0000038,CUST-000045,PLEDGE,JPY,TSE,JP,2026-03-30,ACTIVE,MEDIUM,Y,OPS_SENSITIVE,2025-06-21
ACC-0000039,CUST-000265,SAFEKEEPING,USD,NASDAQ,US,2026-03-28,ACTIVE,LOW,Y,OPS_STANDARD,2026-02-28
ACC-0000040,CUST-000364,PLEDGE,JPY,TSE,JP,2025-09-08,ACTIVE,MEDIUM,Y,OPS_STANDARD,2026-05-04
ACC-0000041,CUST-000352,OMNIBUS,GBP,LSE,GB,2025-10-06,DORMANT,MEDIUM,Y,OPS_STANDARD,2025-09-16
ACC-0000042,CUST-000078,SAFEKEEPING,GBP,LSE,GB,2026-01-25,ACTIVE,LOW,Y,OPS_STANDARD,2025-02-05
ACC-0000043,CUST-000030,PLEDGE,USD,NASDAQ,US,2026-05-03,ACTIVE,HIGH,Y,OPS_STANDARD,2026-02-15
ACC-0000044,CUST-000335,OMNIBUS,USD,NASDAQ,US,2024-05-04,ACTIVE,LOW,Y,OPS_SENSITIVE,2026-02-22
ACC-0000045,CUST-000488,SEGREGATED,USD,NASDAQ,US,2025-11-16,ACTIVE,LOW,Y,OPS_STANDARD,2026-01-15
ACC-0000046,CUST-000352,SEGREGATED,GBP,LSE,GB,2025-05-18,ACTIVE,MEDIUM,Y,OPS_STANDARD,2026-02-24
ACC-0000047,CUST-000350,PLEDGE,EUR,XETRA,DE,2019-12-05,ACTIVE,LOW,Y,OPS_STANDARD,2026-04-18
ACC-0000048,CUST-000075,CASH,GBP,LSE,GB,2022-01-14,ACTIVE,MEDIUM,Y,OPS_STANDARD,2025-11-23
ACC-0000049,CUST-000452,PLEDGE,USD,NYSE,US,2021-10-16,ACTIVE,MEDIUM,Y,OPS_SENSITIVE,2025-04-23
ACC-0000050,CUST-000269,SEGREGATED,USD,NYSE,US,2025-01-25,ACTIVE,LOW,Y,OPS_SENSITIVE,2025-04-05
ACC-0000051,CUST-000176,CASH,USD,NYSE,US,2024-11-11,ACTIVE,MEDIUM,Y,OPS_STANDARD,2025-09-13
ACC-0000052,CUST-000072,OMNIBUS,SGD,SGX,SG,2026-03-20,DORMANT,MEDIUM,Y,OPS_STANDARD,2026-03-15
ACC-0000053,CUST-000203,SEGREGATED,AUD,ASX,AU,2023-03-24,ACTIVE,MEDIUM,Y,OPS_SENSITIVE,2025-11-16
ACC-0000054,CUST-000219,SEGREGATED,EUR,EURONEXT,FR,2020-08-11,CLOSED,LOW,Y,OPS_STANDARD,2026-04-30
ACC-0000055,CUST-000094,SAFEKEEPING,USD,NASDAQ,US,2023-11-30,ACTIVE,HIGH,Y,OPS_STANDARD,2026-02-02
ACC-0000056,CUST-000353,OMNIBUS,EUR,EURONEXT,FR,2024-05-04,ACTIVE,MEDIUM,Y,OPS_STANDARD,2025-01-13
ACC-0000057,CUST-000474,SAFEKEEPING,JPY,TSE,JP,2025-05-26,ACTIVE,MEDIUM,Y,OPS_STANDARD,2026-04-10
ACC-0000058,CUST-000498,CASH,USD,NYSE,US,2024-11-29,ACTIVE,LOW,Y,OPS_STANDARD,2025-05-18
ACC-0000059,CUST-000180,CASH,USD,NASDAQ,US,2021-05-13,ACTIVE,LOW,Y,OPS_STANDARD,2026-01-27
ACC-0000060,CUST-000269,OMNIBUS,USD,NYSE,US,2025-05-02,ACTIVE,LOW,Y,OPS_RESTRICTED,2026-05-04
ACC-0000061,CUST-000220,CASH,CAD,TSX,CA,2026-05-17,ACTIVE,LOW,Y,OPS_STANDARD,2025-09-21
ACC-0000062,CUST-000289,SAFEKEEPING,GBP,LSE,GB,2025-11-25,ACTIVE,MEDIUM,Y,OPS_SENSITIVE,2026-02-21
ACC-0000063,CUST-000320,PLEDGE,CAD,TSX,CA,2020-03-12,ACTIVE,MEDIUM,Y,OPS_STANDARD,2026-02-02
ACC-0000064,CUST-000434,PLEDGE,USD,NYSE,US,2026-02-07,ACTIVE,LOW,Y,OPS_RESTRICTED,2026-03-10
ACC-0000065,CUST-000321,SAFEKEEPING,SGD,SGX,SG,2022-11-27,ACTIVE,MEDIUM,Y,OPS_STANDARD,2026-06-14
ACC-0000066,CUST-000310,SEGREGATED,EUR,XETRA,DE,2025-11-29,ACTIVE,HIGH,Y,OPS_RESTRICTED,2025-04-13
ACC-0000067,CUST-000335,SAFEKEEPING,USD,NASDAQ,US,2025-06-16,ACTIVE,LOW,Y,OPS_STANDARD,2026-04-19
ACC-0000068,CUST-000248,OMNIBUS,USD,NASDAQ,US,2025-08-23,ACTIVE,MEDIUM,Y,OPS_STANDARD,2025-03-18
ACC-0000069,CUST-000168,PLEDGE,GBP,LSE,GB,2022-03-29,ACTIVE,LOW,Y,OPS_STANDARD,2026-02-07
ACC-0000070,CUST-000247,OMNIBUS,USD,NASDAQ,US,2025-04-26,ACTIVE,MEDIUM,Y,OPS_STANDARD,2025-12-25
ACC-0000071,CUST-000433,PLEDGE,CAD,TSX,CA,2020-08-07,ACTIVE,LOW,Y,OPS_STANDARD,2025-04-23
ACC-0000072,CUST-000340,OMNIBUS,USD,NYSE,US,2020-05-30,ACTIVE,LOW,Y,OPS_STANDARD,2026-02-22
ACC-0000073,CUST-000303,SEGREGATED,SGD,SGX,SG,2024-05-07,DORMANT,MEDIUM,Y,OPS_RESTRICTED,2025-03-25
ACC-0000074,CUST-000202,SEGREGATED,SGD,SGX,SG,2026-03-29,ACTIVE,LOW,Y,OPS_SENSITIVE,2025-09-21
ACC-0000075,CUST-000030,PLEDGE,USD,NASDAQ,US,2023-05-29,ACTIVE,HIGH,Y,OPS_STANDARD,2025-03-15
ACC-0000076,CUST-000465,SEGREGATED,USD,NYSE,US,2026-02-22,ACTIVE,HIGH,Y,OPS_STANDARD,2026-03-08
ACC-0000077,CUST-000124,SAFEKEEPING,USD,NASDAQ,US,2020-10-26,DORMANT,LOW,Y,OPS_STANDARD,2025-08-08
ACC-0000078,CUST-000248,SAFEKEEPING,USD,NASDAQ,US,2025-09-06,ACTIVE,MEDIUM,Y,OPS_STANDARD,2026-01-01
ACC-0000079,CUST-000493,SEGREGATED,USD,NYSE,US,2022-06-25,ACTIVE,LOW,Y,OPS_SENSITIVE,2026-01-02
ACC-0000080,CUST-000213,SAFEKEEPING,USD,NYSE,US,2025-08-11,ACTIVE,LOW,Y,OPS_STANDARD,2026-04-29
ACC-0000081,CUST-000202,SEGREGATED,SGD,SGX,SG,2026-02-19,ACTIVE,LOW,Y,OPS_STANDARD,2025-07-08
ACC-0000082,CUST-000462,CASH,CAD,TSX,CA,2023-11-02,ACTIVE,LOW,Y,OPS_STANDARD,2026-06-09
ACC-0000083,CUST-000243,OMNIBUS,AUD,ASX,AU,2025-08-20,ACTIVE,LOW,Y,OPS_STANDARD,2025-10-25
ACC-0000084,CUST-000220,CASH,CAD,TSX,CA,2026-03-31,ACTIVE,LOW,Y,OPS_STANDARD,2026-05-19
ACC-0000085,CUST-000104,CASH,CAD,TSX,CA,2025-10-04,ACTIVE,LOW,Y,OPS_STANDARD,2026-03-24
ACC-0000086,CUST-000183,PLEDGE,EUR,EURONEXT,FR,2022-05-08,ACTIVE,LOW,Y,OPS_STANDARD,2025-08-09
ACC-0000087,CUST-000129,SAFEKEEPING,USD,NASDAQ,US,2019-01-05,ACTIVE,LOW,Y,OPS_STANDARD,2025-02-17
ACC-0000088,CUST-000041,SEGREGATED,EUR,XETRA,DE,2019-05-12,ACTIVE,LOW,Y,OPS_STANDARD,2025-04-24
ACC-0000089,CUST-000226,OMNIBUS,EUR,EURONEXT,FR,2021-11-20,ACTIVE,HIGH,Y,OPS_STANDARD,2025-11-12
ACC-0000090,CUST-000334,OMNIBUS,GBP,LSE,GB,2018-12-01,ACTIVE,LOW,Y,OPS_STANDARD,2026-01-20
ACC-0000091,CUST-000265,SAFEKEEPING,USD,NYSE,US,2025-12-01,ACTIVE,LOW,Y,OPS_STANDARD,2026-06-18
ACC-0000092,CUST-000245,OMNIBUS,USD,NYSE,US,2024-01-22,ACTIVE,LOW,Y,OPS_STANDARD,2026-02-21
ACC-0000093,CUST-000325,PLEDGE,USD,NASDAQ,US,2024-09-19,ACTIVE,MEDIUM,Y,OPS_STANDARD,2026-05-20
ACC-0000094,CUST-000452,CASH,USD,NYSE,US,2023-03-03,ACTIVE,MEDIUM,Y,OPS_RESTRICTED,2026-04-10
ACC-0000095,CUST-000327,CASH,USD,NASDAQ,US,2020-03-15,ACTIVE,HIGH,Y,OPS_STANDARD,2026-01-23
ACC-0000096,CUST-000266,CASH,GBP,LSE,GB,2024-07-14,ACTIVE,LOW,Y,OPS_STANDARD,2025-07-13
ACC-0000097,CUST-000409,SEGREGATED,USD,NYSE,US,2021-09-20,ACTIVE,MEDIUM,Y,OPS_STANDARD,2025-03-30
ACC-0000098,CUST-000272,PLEDGE,EUR,XETRA,DE,2021-10-28,ACTIVE,LOW,Y,OPS_STANDARD,2026-03-01
ACC-0000099,CUST-000385,SAFEKEEPING,EUR,EURONEXT,FR,2023-06-25,ACTIVE,LOW,Y,OPS_STANDARD,2025-09-26
ACC-0000100,CUST-000241,OMNIBUS,CAD,TSX,CA,2021-11-24,ACTIVE,MEDIUM,Y,OPS_SENSITIVE,2025-08-23
ACC-0000101,CUST-000228,CASH,USD,NYSE,US,2024-04-23,ACTIVE,MEDIUM,Y,OPS_SENSITIVE,2025-10-06
ACC-0000102,CUST-000014,SAFEKEEPING,USD,NYSE,US,2023-09-23,DORMANT,LOW,Y,OPS_STANDARD,2026-01-20
ACC-0000103,CUST-000427,PLEDGE,USD,NYSE,US,2025-11-04,ACTIVE,LOW,Y,OPS_STANDARD,2026-02-04
ACC-0000104,CUST-000217,SEGREGATED,CAD,TSX,CA,2017-08-31,ACTIVE,MEDIUM,Y,OPS_STANDARD,2025-02-01
ACC-0000105,CUST-000306,OMNIBUS,EUR,XETRA,DE,2023-07-29,ACTIVE,LOW,Y,OPS_STANDARD,2025-06-05
ACC-0000106,CUST-000246,SAFEKEEPING,SGD,SGX,SG,2023-03-30,ACTIVE,LOW,Y,OPS_STANDARD,2025-02-27
ACC-0000107,CUST-000303,SEGREGATED,SGD,SGX,SG,2025-09-27,ACTIVE,MEDIUM,Y,OPS_SENSITIVE,2026-04-19
ACC-0000108,CUST-000088,SAFEKEEPING,AUD,ASX,AU,2023-02-05,ACTIVE,MEDIUM,Y,OPS_STANDARD,2025-09-19
ACC-0000109,CUST-000065,SEGREGATED,GBP,LSE,GB,2023-01-19,ACTIVE,LOW,Y,OPS_STANDARD,2025-09-10
ACC-0000110,CUST-000281,OMNIBUS,GBP,LSE,GB,2025-06-24,ACTIVE,LOW,Y,OPS_SENSITIVE,2025-05-22
ACC-0000111,CUST-000204,OMNIBUS,EUR,XETRA,DE,2022-05-07,ACTIVE,LOW,Y,OPS_STANDARD,2025-10-14
ACC-0000112,CUST-000415,SAFEKEEPING,EUR,XETRA,DE,2025-02-28,ACTIVE,MEDIUM,Y,OPS_STANDARD,2025-09-01
ACC-0000113,CUST-000430,SEGREGATED,CAD,TSX,CA,2022-01-14,ACTIVE,HIGH,Y,OPS_SENSITIVE,2025-03-19
ACC-0000114,CUST-000198,SAFEKEEPING,USD,NYSE,US,2026-01-21,ACTIVE,LOW,Y,OPS_STANDARD,2026-02-26
ACC-0000115,CUST-000199,OMNIBUS,EUR,EURONEXT,FR,2025-08-13,ACTIVE,LOW,Y,OPS_STANDARD,2025-01-11
ACC-0000116,CUST-000113,PLEDGE,GBP,LSE,GB,2020-11-11,DORMANT,MEDIUM,Y,OPS_STANDARD,2025-02-10
ACC-0000117,CUST-000491,SEGREGATED,EUR,XETRA,DE,2021-04-18,ACTIVE,LOW,Y,OPS_SENSITIVE,2025-10-26
ACC-0000118,CUST-000437,SEGREGATED,USD,NYSE,US,2020-11-02,ACTIVE,MEDIUM,Y,OPS_SENSITIVE,2025-05-30
ACC-0000119,CUST-000396,SAFEKEEPING,AUD,ASX,AU,2021-11-26,ACTIVE,LOW,Y,OPS_SENSITIVE,2026-04-02
ACC-0000120,CUST-000387,SEGREGATED,USD,NASDAQ,US,2026-03-10,ACTIVE,HIGH,Y,OPS_SENSITIVE,2025-08-15
ACC-0000121,CUST-000337,OMNIBUS,USD,NYSE,US,2025-12-11,CLOSED,HIGH,Y,OPS_STANDARD,2025-07-23
ACC-0000122,CUST-000118,CASH,USD,NASDAQ,US,2021-12-01,ACTIVE,MEDIUM,Y,OPS_STANDARD,2025-05-10
ACC-0000123,CUST-000310,PLEDGE,EUR,XETRA,DE,2025-08-26,ACTIVE,HIGH,Y,OPS_STANDARD,2025-05-28
ACC-0000124,CUST-000161,SAFEKEEPING,USD,NYSE,US,2020-08-11,ACTIVE,LOW,Y,OPS_STANDARD,2025-02-06
ACC-0000125,CUST-000469,PLEDGE,SGD,SGX,SG,2026-01-11,ACTIVE,LOW,Y,OPS_STANDARD,2025-03-28
ACC-0000126,CUST-000222,SAFEKEEPING,CAD,TSX,CA,2025-11-27,RESTRICTED,LOW,Y,OPS_RESTRICTED,2026-01-14
ACC-0000127,CUST-000108,SAFEKEEPING,JPY,TSE,JP,2023-04-15,ACTIVE,MEDIUM,Y,OPS_STANDARD,2026-04-15
ACC-0000128,CUST-000066,SAFEKEEPING,EUR,EURONEXT,FR,2025-10-10,RESTRICTED,LOW,Y,OPS_STANDARD,2026-04-06
ACC-0000129,CUST-000437,SAFEKEEPING,USD,NASDAQ,US,2020-04-05,ACTIVE,MEDIUM,Y,OPS_STANDARD,2025-11-12
ACC-0000130,CUST-000256,CASH,CAD,TSX,CA,2021-11-29,ACTIVE,MEDIUM,Y,OPS_SENSITIVE,2025-02-03
ACC-0000131,CUST-000008,SAFEKEEPING,EUR,XETRA,DE,2021-09-18,DORMANT,LOW,Y,OPS_STANDARD,2025-10-22
ACC-0000132,CUST-000192,OMNIBUS,CAD,TSX,CA,2024-11-16,ACTIVE,HIGH,Y,OPS_STANDARD,2026-02-17
ACC-0000133,CUST-000272,SAFEKEEPING,EUR,XETRA,DE,2019-12-21,ACTIVE,LOW,Y,OPS_STANDARD,2025-10-10
ACC-0000134,CUST-000190,SEGREGATED,USD,NYSE,US,2021-11-24,DORMANT,MEDIUM,Y,OPS_STANDARD,2025-08-06
ACC-0000135,CUST-000406,OMNIBUS,CAD,TSX,CA,2023-10-23,ACTIVE,MEDIUM,Y,OPS_STANDARD,2025-12-19
ACC-0000136,CUST-000374,SAFEKEEPING,USD,NASDAQ,US,2025-05-16,ACTIVE,LOW,Y,OPS_SENSITIVE,2025-07-09
ACC-0000137,CUST-000475,PLEDGE,USD,NASDAQ,US,2024-08-15,ACTIVE,LOW,Y,OPS_STANDARD,2025-09-24
ACC-0000138,CUST-000369,PLEDGE,CAD,TSX,CA,2018-06-22,ACTIVE,LOW,Y,OPS_STANDARD,2026-04-10
ACC-0000139,CUST-000399,SEGREGATED,JPY,TSE,JP,2025-12-08,ACTIVE,LOW,Y,OPS_STANDARD,2025-05-02
ACC-0000140,CUST-000330,CASH,USD,NASDAQ,US,2022-10-09,ACTIVE,MEDIUM,Y,OPS_STANDARD,2025-04-15
ACC-0000141,CUST-000405,SAFEKEEPING,USD,NASDAQ,US,2025-11-30,ACTIVE,LOW,Y,OPS_STANDARD,2025-08-28
ACC-0000142,CUST-000070,SAFEKEEPING,USD,NYSE,US,2025-11-18,ACTIVE,LOW,Y,OPS_STANDARD,2026-06-30
ACC-0000143,CUST-000355,OMNIBUS,CAD,TSX,CA,2026-05-06,ACTIVE,MEDIUM,Y,OPS_SENSITIVE,2025-01-18
ACC-0000144,CUST-000458,SEGREGATED,USD,NASDAQ,US,2021-08-08,ACTIVE,LOW,Y,OPS_STANDARD,2026-01-07
ACC-0000145,CUST-000448,SEGREGATED,CAD,TSX,CA,2018-11-28,ACTIVE,MEDIUM,Y,OPS_STANDARD,2026-02-24
ACC-0000146,CUST-000139,SEGREGATED,USD,NYSE,US,2025-06-24,ACTIVE,HIGH,Y,OPS_SENSITIVE,2025-05-08
ACC-0000147,CUST-000104,SAFEKEEPING,CAD,TSX,CA,2024-07-10,ACTIVE,LOW,Y,OPS_SENSITIVE,2026-04-28
ACC-0000148,CUST-000383,CASH,AUD,ASX,AU,2024-05-02,ACTIVE,MEDIUM,Y,OPS_SENSITIVE,2025-02-15
ACC-0000149,CUST-000441,SAFEKEEPING,USD,NYSE,US,2025-03-04,ACTIVE,LOW,Y,OPS_SENSITIVE,2025-11-11
ACC-0000150,CUST-000118,CASH,USD,NYSE,US,2018-01-19,ACTIVE,MEDIUM,Y,OPS_STANDARD,2026-06-26
ACC-0000151,CUST-000309,SAFEKEEPING,GBP,LSE,GB,2025-06-04,ACTIVE,LOW,Y,OPS_STANDARD,2025-04-12
ACC-0000152,CUST-000246,OMNIBUS,SGD,SGX,SG,2024-01-26,ACTIVE,LOW,Y,OPS_STANDARD,2025-05-09
ACC-0000153,CUST-000354,SEGREGATED,USD,NASDAQ,US,2026-02-02,ACTIVE,MEDIUM,Y,OPS_STANDARD,2025-11-14
ACC-0000154,CUST-000487,SEGREGATED,CAD,TSX,CA,2024-05-05,ACTIVE,MEDIUM,Y,OPS_STANDARD,2025-07-05
ACC-0000155,CUST-000158,OMNIBUS,USD,NASDAQ,US,2025-11-01,ACTIVE,MEDIUM,Y,OPS_STANDARD,2025-07-24
ACC-0000156,CUST-000005,CASH,USD,NYSE,US,2025-06-03,ACTIVE,LOW,Y,OPS_SENSITIVE,2026-05-17
ACC-0000157,CUST-000462,SAFEKEEPING,CAD,TSX,CA,2025-07-23,ACTIVE,LOW,Y,OPS_STANDARD,2025-10-29
ACC-0000158,CUST-000226,OMNIBUS,EUR,EURONEXT,FR,2024-08-08,ACTIVE,HIGH,Y,OPS_SENSITIVE,2025-01-26
ACC-0000159,CUST-000402,PLEDGE,USD,NYSE,US,2022-05-04,ACTIVE,LOW,Y,OPS_STANDARD,2026-01-05
ACC-0000160,CUST-000316,SEGREGATED,USD,NASDAQ,US,2025-06-27,ACTIVE,MEDIUM,Y,OPS_STANDARD,2025-10-31
ACC-0000161,CUST-000194,OMNIBUS,SGD,SGX,SG,2025-10-11,ACTIVE,MEDIUM,Y,OPS_STANDARD,2025-05-18
ACC-0000162,CUST-000257,SEGREGATED,USD,NASDAQ,US,2022-09-27,ACTIVE,LOW,Y,OPS_STANDARD,2025-10-05
ACC-0000163,CUST-000015,SEGREGATED,USD,NYSE,US,2025-12-27,ACTIVE,MEDIUM,Y,OPS_STANDARD,2025-02-10
ACC-0000164,CUST-000462,CASH,CAD,TSX,CA,2023-04-12,ACTIVE,LOW,Y,OPS_STANDARD,2025-04-26
ACC-0000165,CUST-000489,CASH,AUD,ASX,AU,2026-05-05,ACTIVE,LOW,Y,OPS_SENSITIVE,2026-02-24
ACC-0000166,CUST-000364,PLEDGE,JPY,TSE,JP,2021-03-07,ACTIVE,MEDIUM,Y,OPS_STANDARD,2025-05-23
ACC-0000167,CUST-000228,SAFEKEEPING,USD,NYSE,US,2021-08-10,ACTIVE,MEDIUM,Y,OPS_STANDARD,2025-07-29
ACC-0000168,CUST-000233,SEGREGATED,USD,NYSE,US,2023-01-29,ACTIVE,LOW,Y,OPS_STANDARD,2026-01-26
ACC-0000169,CUST-000354,PLEDGE,USD,NYSE,US,2026-05-18,ACTIVE,MEDIUM,Y,OPS_SENSITIVE,2025-03-22
ACC-0000170,CUST-000365,SEGREGATED,USD,NYSE,US,2024-05-14,ACTIVE,LOW,Y,OPS_SENSITIVE,2025-09-20
ACC-0000171,CUST-000090,SEGREGATED,USD,NASDAQ,US,2026-05-01,ACTIVE,HIGH,Y,OPS_STANDARD,2026-05-06
ACC-0000172,CUST-000327,PLEDGE,USD,NYSE,US,2021-10-12,ACTIVE,HIGH,Y,OPS_STANDARD,2026-04-02
ACC-0000173,CUST-000223,OMNIBUS,USD,NASDAQ,US,2017-07-10,ACTIVE,LOW,Y,OPS_STANDARD,2025-12-06
ACC-0000174,CUST-000132,SAFEKEEPING,USD,NYSE,US,2024-03-05,ACTIVE,HIGH,Y,OPS_STANDARD,2025-04-17
ACC-0000175,CUST-000304,SEGREGATED,USD,NASDAQ,US,2018-06-23,ACTIVE,MEDIUM,Y,OPS_STANDARD,2025-12-31
ACC-0000176,CUST-000030,OMNIBUS,USD,NASDAQ,US,2023-07-29,ACTIVE,HIGH,Y,OPS_RESTRICTED,2025-04-17
ACC-0000177,CUST-000275,SEGREGATED,USD,NYSE,US,2025-03-04,ACTIVE,LOW,Y,OPS_STANDARD,2026-03-11
ACC-0000178,CUST-000382,SEGREGATED,USD,NASDAQ,US,2019-11-07,ACTIVE,LOW,Y,OPS_RESTRICTED,2025-11-23
ACC-0000179,CUST-000101,PLEDGE,EUR,XETRA,DE,2021-11-23,DORMANT,MEDIUM,Y,OPS_STANDARD,2025-05-01
ACC-0000180,CUST-000103,OMNIBUS,USD,NYSE,US,2026-02-19,ACTIVE,MEDIUM,Y,OPS_STANDARD,2025-12-08
ACC-0000181,CUST-000020,SAFEKEEPING,EUR,EURONEXT,FR,2024-06-06,ACTIVE,MEDIUM,Y,OPS_STANDARD,2025-01-20
ACC-0000182,CUST-000280,OMNIBUS,USD,NASDAQ,US,2025-11-16,DORMANT,LOW,Y,OPS_STANDARD,2026-05-08
ACC-0000183,CUST-000014,OMNIBUS,USD,NASDAQ,US,2022-07-08,ACTIVE,LOW,Y,OPS_STANDARD,2025-02-27
ACC-0000184,CUST-000399,PLEDGE,JPY,TSE,JP,2023-09-10,ACTIVE,LOW,Y,OPS_STANDARD,2026-01-12
ACC-0000185,CUST-000057,PLEDGE,GBP,LSE,GB,2025-09-11,ACTIVE,LOW,Y,OPS_STANDARD,2026-05-07
ACC-0000186,CUST-000469,PLEDGE,SGD,SGX,SG,2025-08-26,ACTIVE,LOW,Y,OPS_STANDARD,2025-01-01
ACC-0000187,CUST-000149,CASH,AUD,ASX,AU,2023-10-31,ACTIVE,HIGH,Y,OPS_STANDARD,2025-07-10
ACC-0000188,CUST-000331,PLEDGE,USD,NASDAQ,US,2025-08-20,ACTIVE,LOW,Y,OPS_SENSITIVE,2026-05-23
ACC-0000189,CUST-000464,CASH,AUD,ASX,AU,2025-04-11,ACTIVE,MEDIUM,Y,OPS_STANDARD,2025-11-17
ACC-0000190,CUST-000130,CASH,JPY,TSE,JP,2025-07-09,ACTIVE,LOW,Y,OPS_SENSITIVE,2025-05-04
ACC-0000191,CUST-000211,SAFEKEEPING,EUR,XETRA,DE,2019-07-27,ACTIVE,LOW,Y,OPS_STANDARD,2025-05-28
ACC-0000192,CUST-000287,CASH,EUR,EURONEXT,FR,2021-07-31,ACTIVE,MEDIUM,Y,OPS_STANDARD,2026-04-21
ACC-0000193,CUST-000383,SAFEKEEPING,AUD,ASX,AU,2026-02-14,ACTIVE,MEDIUM,Y,OPS_SENSITIVE,2025-11-05
ACC-0000194,CUST-000266,CASH,GBP,LSE,GB,2024-02-07,ACTIVE,LOW,Y,OPS_STANDARD,2025-05-11
ACC-0000195,CUST-000452,OMNIBUS,USD,NASDAQ,US,2018-11-30,ACTIVE,MEDIUM,Y,OPS_STANDARD,2025-07-27
ACC-0000196,CUST-000342,OMNIBUS,SGD,SGX,SG,2025-04-22,ACTIVE,LOW,Y,OPS_STANDARD,2026-01-31
ACC-0000197,CUST-000215,SEGREGATED,CAD,TSX,CA,2025-01-23,ACTIVE,MEDIUM,Y,OPS_SENSITIVE,2025-07-03
ACC-0000198,CUST-000141,PLEDGE,USD,NASDAQ,US,2022-03-27,ACTIVE,MEDIUM,Y,OPS_STANDARD,2025-08-16
ACC-0000199,CUST-000130,CASH,JPY,TSE,JP,2024-10-11,ACTIVE,LOW,Y,OPS_STANDARD,2025-08-20
ACC-0000200,CUST-000321,CASH,SGD,SGX,SG,2026-01-01,ACTIVE,MEDIUM,Y,OPS_STANDARD,2025-03-31
ACC-0000201,CUST-000479,SEGREGATED,USD,NYSE,US,2024-02-24,ACTIVE,LOW,Y,OPS_STANDARD,2025-12-27
ACC-0000202,CUST-000366,PLEDGE,USD,NYSE,US,2023-07-24,ACTIVE,LOW,Y,OPS_STANDARD,2026-05-28
ACC-0000203,CUST-000116,SAFEKEEPING,CAD,TSX,CA,2024-06-07,ACTIVE,LOW,Y,OPS_SENSITIVE,2026-02-09
ACC-0000204,CUST-000317,OMNIBUS,USD,NYSE,US,2024-03-22,DORMANT,LOW,Y,OPS_STANDARD,2025-06-01
ACC-0000205,CUST-000333,PLEDGE,GBP,LSE,GB,2023-10-09,ACTIVE,LOW,Y,OPS_RESTRICTED,2025-09-13
ACC-0000206,CUST-000254,SAFEKEEPING,CAD,TSX,CA,2026-05-20,ACTIVE,MEDIUM,Y,OPS_STANDARD,2025-10-28
ACC-0000207,CUST-000288,SAFEKEEPING,GBP,LSE,GB,2024-07-14,ACTIVE,MEDIUM,Y,OPS_RESTRICTED,2025-09-03
ACC-0000208,CUST-000202,PLEDGE,SGD,SGX,SG,2026-02-23,ACTIVE,LOW,Y,OPS_STANDARD,2025-01-23
ACC-0000209,CUST-000462,PLEDGE,CAD,TSX,CA,2025-09-05,ACTIVE,LOW,Y,OPS_STANDARD,2025-12-31
ACC-0000210,CUST-000281,PLEDGE,GBP,LSE,GB,2026-03-20,ACTIVE,LOW,Y,OPS_SENSITIVE,2025-09-02
ACC-0000211,CUST-000191,PLEDGE,USD,NYSE,US,2022-08-29,ACTIVE,LOW,Y,OPS_STANDARD,2026-01-16
ACC-0000212,CUST-000266,SEGREGATED,GBP,LSE,GB,2023-08-13,ACTIVE,LOW,Y,OPS_STANDARD,2025-10-15
ACC-0000213,CUST-000261,OMNIBUS,USD,NASDAQ,US,2025-07-05,DORMANT,HIGH,Y,OPS_STANDARD,2025-12-03
ACC-0000214,CUST-000042,SEGREGATED,USD,NYSE,US,2023-01-19,ACTIVE,MEDIUM,Y,OPS_STANDARD,2025-02-21
ACC-0000215,CUST-000264,CASH,USD,NYSE,US,2026-03-19,ACTIVE,LOW,Y,OPS_STANDARD,2026-02-19
ACC-0000216,CUST-000314,OMNIBUS,USD,NYSE,US,2025-12-26,ACTIVE,LOW,Y,OPS_STANDARD,2025-12-05
ACC-0000217,CUST-000151,OMNIBUS,USD,NYSE,US,2024-09-23,ACTIVE,LOW,Y,OPS_STANDARD,2026-01-26
ACC-0000218,CUST-000278,SEGREGATED,EUR,XETRA,DE,2020-09-11,ACTIVE,LOW,Y,OPS_STANDARD,2025-01-14
ACC-0000219,CUST-000332,SAFEKEEPING,EUR,XETRA,DE,2025-11-09,ACTIVE,LOW,Y,OPS_RESTRICTED,2025-02-24
ACC-0000220,CUST-000326,SAFEKEEPING,GBP,LSE,GB,2023-05-13,ACTIVE,LOW,Y,OPS_STANDARD,2025-02-05
ACC-0000221,CUST-000296,SAFEKEEPING,USD,NYSE,US,2024-11-09,ACTIVE,MEDIUM,Y,OPS_SENSITIVE,2026-02-11
ACC-0000222,CUST-000283,OMNIBUS,EUR,EURONEXT,FR,2025-07-14,ACTIVE,MEDIUM,Y,OPS_STANDARD,2025-03-22
ACC-0000223,CUST-000409,OMNIBUS,USD,NYSE,US,2021-09-14,ACTIVE,MEDIUM,Y,OPS_SENSITIVE,2025-07-17
ACC-0000224,CUST-000428,SAFEKEEPING,EUR,XETRA,DE,2021-11-14,RESTRICTED,HIGH,Y,OPS_STANDARD,2025-06-19
ACC-0000225,CUST-000174,OMNIBUS,GBP,LSE,GB,2021-05-31,ACTIVE,LOW,Y,OPS_STANDARD,2025-02-04
ACC-0000226,CUST-000305,PLEDGE,GBP,LSE,GB,2026-03-20,DORMANT,MEDIUM,Y,OPS_STANDARD,2025-08-05
ACC-0000227,CUST-000082,OMNIBUS,EUR,XETRA,DE,2021-04-24,ACTIVE,MEDIUM,Y,OPS_STANDARD,2025-07-11
ACC-0000228,CUST-000020,CASH,EUR,EURONEXT,FR,2025-01-08,ACTIVE,MEDIUM,Y,OPS_STANDARD,2025-12-08
ACC-0000229,CUST-000371,SEGREGATED,USD,NASDAQ,US,2024-10-04,ACTIVE,LOW,Y,OPS_STANDARD,2025-05-10
ACC-0000230,CUST-000381,SEGREGATED,USD,NASDAQ,US,2026-05-11,RESTRICTED,MEDIUM,Y,OPS_STANDARD,2025-04-10
ACC-0000231,CUST-000311,PLEDGE,USD,NYSE,US,2023-10-15,ACTIVE,MEDIUM,Y,OPS_STANDARD,2025-12-07
ACC-0000232,CUST-000048,SEGREGATED,USD,NASDAQ,US,2022-11-05,ACTIVE,LOW,Y,OPS_STANDARD,2026-06-06
ACC-0000233,CUST-000001,PLEDGE,AUD,ASX,AU,2026-02-17,ACTIVE,LOW,Y,OPS_SENSITIVE,2025-01-29
ACC-0000234,CUST-000357,PLEDGE,USD,NASDAQ,US,2018-02-19,ACTIVE,LOW,Y,OPS_STANDARD,2025-01-25
ACC-0000235,CUST-000463,OMNIBUS,USD,NASDAQ,US,2024-12-10,ACTIVE,MEDIUM,Y,OPS_STANDARD,2026-02-25
ACC-0000236,CUST-000116,OMNIBUS,CAD,TSX,CA,2024-01-06,ACTIVE,LOW,Y,OPS_SENSITIVE,2025-08-29
ACC-0000237,CUST-000378,PLEDGE,JPY,TSE,JP,2022-04-28,ACTIVE,MEDIUM,Y,OPS_STANDARD,2025-08-18
ACC-0000238,CUST-000041,CASH,EUR,XETRA,DE,2025-02-10,ACTIVE,LOW,Y,OPS_STANDARD,2026-06-01
ACC-0000239,CUST-000151,PLEDGE,USD,NYSE,US,2024-06-09,ACTIVE,LOW,Y,OPS_STANDARD,2025-03-24
ACC-0000240,CUST-000098,OMNIBUS,GBP,LSE,GB,2019-11-29,ACTIVE,LOW,Y,OPS_SENSITIVE,2025-12-24
ACC-0000241,CUST-000427,PLEDGE,USD,NYSE,US,2019-08-07,ACTIVE,LOW,Y,OPS_STANDARD,2025-09-23
ACC-0000242,CUST-000306,PLEDGE,EUR,XETRA,DE,2025-12-24,ACTIVE,LOW,Y,OPS_STANDARD,2025-03-28
ACC-0000243,CUST-000280,CASH,USD,NASDAQ,US,2025-10-04,ACTIVE,LOW,Y,OPS_STANDARD,2026-05-04
ACC-0000244,CUST-000163,OMNIBUS,EUR,EURONEXT,FR,2022-03-24,ACTIVE,MEDIUM,Y,OPS_STANDARD,2026-06-12
ACC-0000245,CUST-000202,PLEDGE,SGD,SGX,SG,2026-02-13,RESTRICTED,LOW,Y,OPS_SENSITIVE,2026-04-17
ACC-0000246,CUST-000386,OMNIBUS,USD,NASDAQ,US,2025-05-05,ACTIVE,LOW,Y,OPS_STANDARD,2026-04-18
ACC-0000247,CUST-000274,PLEDGE,CAD,TSX,CA,2022-09-28,ACTIVE,LOW,Y,OPS_SENSITIVE,2025-02-19
ACC-0000248,CUST-000480,OMNIBUS,USD,NASDAQ,US,2023-02-18,ACTIVE,LOW,Y,OPS_SENSITIVE,2026-04-27
ACC-0000249,CUST-000093,OMNIBUS,USD,NASDAQ,US,2026-02-03,ACTIVE,LOW,Y,OPS_STANDARD,2025-06-12
ACC-0000250,CUST-000222,SEGREGATED,CAD,TSX,CA,2026-04-11,ACTIVE,LOW,Y,OPS_STANDARD,2026-06-30
ACC-0000251,CUST-000338,CASH,EUR,EURONEXT,FR,2019-09-03,ACTIVE,LOW,Y,OPS_STANDARD,2025-08-27
ACC-0000252,CUST-000227,SAFEKEEPING,AUD,ASX,AU,2025-03-31,ACTIVE,MEDIUM,Y,OPS_SENSITIVE,2026-02-16
ACC-0000253,CUST-000163,SAFEKEEPING,EUR,EURONEXT,FR,2023-06-22,ACTIVE,MEDIUM,Y,OPS_STANDARD,2026-05-19
ACC-0000254,CUST-000284,SAFEKEEPING,USD,NASDAQ,US,2020-12-29,ACTIVE,LOW,Y,OPS_SENSITIVE,2025-11-18
ACC-0000255,CUST-000055,CASH,CAD,TSX,CA,2025-08-21,ACTIVE,MEDIUM,Y,OPS_STANDARD,2025-11-28
ACC-0000256,CUST-000161,OMNIBUS,USD,NYSE,US,2025-12-28,ACTIVE,LOW,Y,OPS_STANDARD,2025-04-04
ACC-0000257,CUST-000164,SAFEKEEPING,CAD,TSX,CA,2025-04-10,ACTIVE,LOW,Y,OPS_STANDARD,2025-02-14
ACC-0000258,CUST-000418,SEGREGATED,USD,NYSE,US,2024-09-26,ACTIVE,MEDIUM,Y,OPS_RESTRICTED,2025-07-08
ACC-0000259,CUST-000116,PLEDGE,CAD,TSX,CA,2024-09-22,ACTIVE,LOW,Y,OPS_STANDARD,2025-11-06
ACC-0000260,CUST-000366,SEGREGATED,USD,NYSE,US,2026-01-21,ACTIVE,LOW,Y,OPS_STANDARD,2025-02-05
ACC-0000261,CUST-000374,SEGREGATED,USD,NYSE,US,2023-03-19,ACTIVE,LOW,Y,OPS_SENSITIVE,2025-10-30
ACC-0000262,CUST-000333,OMNIBUS,GBP,LSE,GB,2026-03-09,ACTIVE,LOW,Y,OPS_SENSITIVE,2026-05-05
ACC-0000263,CUST-000399,SEGREGATED,JPY,TSE,JP,2025-12-01,ACTIVE,LOW,Y,OPS_STANDARD,2025-03-27
ACC-0000264,CUST-000360,SAFEKEEPING,AUD,ASX,AU,2018-04-28,ACTIVE,HIGH,Y,OPS_STANDARD,2025-12-13
ACC-0000265,CUST-000167,OMNIBUS,GBP,LSE,GB,2022-09-20,ACTIVE,LOW,Y,OPS_STANDARD,2025-11-28
ACC-0000266,CUST-000208,SEGREGATED,GBP,LSE,GB,2022-04-07,ACTIVE,MEDIUM,Y,OPS_STANDARD,2025-07-27
ACC-0000267,CUST-000332,CASH,EUR,XETRA,DE,2026-02-28,CLOSED,LOW,Y,OPS_SENSITIVE,2026-04-29
ACC-0000268,CUST-000026,PLEDGE,USD,NASDAQ,US,2024-08-13,ACTIVE,LOW,Y,OPS_STANDARD,2025-05-20
ACC-0000269,CUST-000017,SAFEKEEPING,EUR,EURONEXT,FR,2025-12-12,ACTIVE,MEDIUM,Y,OPS_STANDARD,2026-06-25
ACC-0000270,CUST-000371,CASH,USD,NASDAQ,US,2026-05-21,ACTIVE,LOW,Y,OPS_STANDARD,2026-06-16
ACC-0000271,CUST-000196,PLEDGE,SGD,SGX,SG,2021-04-20,ACTIVE,LOW,Y,OPS_STANDARD,2026-03-29
ACC-0000272,CUST-000369,CASH,CAD,TSX,CA,2019-08-10,ACTIVE,LOW,Y,OPS_STANDARD,2025-05-30
ACC-0000273,CUST-000097,SAFEKEEPING,SGD,SGX,SG,2022-12-26,ACTIVE,LOW,Y,OPS_STANDARD,2025-02-26
ACC-0000274,CUST-000488,SAFEKEEPING,USD,NYSE,US,2026-02-03,ACTIVE,LOW,Y,OPS_STANDARD,2025-01-23
ACC-0000275,CUST-000168,CASH,GBP,LSE,GB,2021-12-25,ACTIVE,LOW,Y,OPS_STANDARD,2026-03-26
ACC-0000276,CUST-000043,OMNIBUS,USD,NASDAQ,US,2023-01-07,ACTIVE,LOW,Y,OPS_STANDARD,2025-05-11
ACC-0000277,CUST-000385,CASH,EUR,EURONEXT,FR,2021-06-28,ACTIVE,LOW,Y,OPS_SENSITIVE,2025-07-23
ACC-0000278,CUST-000383,SAFEKEEPING,AUD,ASX,AU,2026-05-07,ACTIVE,MEDIUM,Y,OPS_STANDARD,2025-05-10
ACC-0000279,CUST-000045,SEGREGATED,JPY,TSE,JP,2026-03-21,ACTIVE,MEDIUM,Y,OPS_SENSITIVE,2025-11-22
ACC-0000280,CUST-000354,CASH,USD,NASDAQ,US,2025-01-27,ACTIVE,MEDIUM,Y,OPS_STANDARD,2025-01-26
ACC-0000281,CUST-000390,SAFEKEEPING,JPY,TSE,JP,2021-10-15,ACTIVE,MEDIUM,Y,OPS_STANDARD,2025-01-23
ACC-0000282,CUST-000128,CASH,CAD,TSX,CA,2025-11-05,ACTIVE,HIGH,Y,OPS_SENSITIVE,2025-07-13
ACC-0000283,CUST-000414,CASH,AUD,ASX,AU,2024-09-12,ACTIVE,LOW,Y,OPS_STANDARD,2026-02-24
ACC-0000284,CUST-000096,PLEDGE,USD,NASDAQ,US,2025-08-27,RESTRICTED,LOW,Y,OPS_STANDARD,2026-02-23
ACC-0000285,CUST-000412,SAFEKEEPING,USD,NYSE,US,2021-02-12,ACTIVE,LOW,Y,OPS_STANDARD,2025-06-28
ACC-0000286,CUST-000406,OMNIBUS,CAD,TSX,CA,2020-12-29,ACTIVE,MEDIUM,Y,OPS_SENSITIVE,2025-10-19
ACC-0000287,CUST-000267,CASH,EUR,XETRA,DE,2024-05-28,ACTIVE,LOW,Y,OPS_STANDARD,2025-04-10
ACC-0000288,CUST-000178,CASH,USD,NYSE,US,2023-07-03,ACTIVE,MEDIUM,Y,OPS_STANDARD,2025-07-26
ACC-0000289,CUST-000145,PLEDGE,USD,NASDAQ,US,2025-11-28,DORMANT,MEDIUM,Y,OPS_RESTRICTED,2025-07-13
ACC-0000290,CUST-000283,SAFEKEEPING,EUR,EURONEXT,FR,2018-01-24,ACTIVE,MEDIUM,Y,OPS_STANDARD,2025-09-17
ACC-0000291,CUST-000096,SEGREGATED,USD,NYSE,US,2025-11-13,ACTIVE,LOW,Y,OPS_STANDARD,2025-10-19
ACC-0000292,CUST-000345,CASH,USD,NASDAQ,US,2025-03-14,ACTIVE,MEDIUM,Y,OPS_STANDARD,2025-08-13
ACC-0000293,CUST-000117,OMNIBUS,USD,NYSE,US,2020-06-14,ACTIVE,LOW,Y,OPS_SENSITIVE,2026-01-29
ACC-0000294,CUST-000450,PLEDGE,EUR,EURONEXT,FR,2025-05-17,ACTIVE,LOW,Y,OPS_SENSITIVE,2026-01-21
ACC-0000295,CUST-000210,PLEDGE,USD,NYSE,US,2021-08-06,ACTIVE,MEDIUM,Y,OPS_STANDARD,2026-02-15
ACC-0000296,CUST-000022,SAFEKEEPING,GBP,LSE,GB,2024-07-03,ACTIVE,LOW,Y,OPS_SENSITIVE,2025-09-04
ACC-0000297,CUST-000228,CASH,USD,NASDAQ,US,2024-10-27,ACTIVE,MEDIUM,Y,OPS_STANDARD,2025-09-14
ACC-0000298,CUST-000170,CASH,USD,NASDAQ,US,2024-01-08,DORMANT,LOW,Y,OPS_STANDARD,2026-04-20
ACC-0000299,CUST-000121,CASH,GBP,LSE,GB,2025-09-11,ACTIVE,MEDIUM,Y,OPS_STANDARD,2025-12-01
ACC-0000300,CUST-000300,OMNIBUS,USD,NASDAQ,US,2023-09-19,ACTIVE,LOW,Y,OPS_SENSITIVE,2025-12-09
ACC-0000301,CUST-000269,SAFEKEEPING,USD,NYSE,US,2026-02-12,ACTIVE,LOW,Y,OPS_STANDARD,2026-02-18
ACC-0000302,CUST-000163,OMNIBUS,EUR,EURONEXT,FR,2022-12-06,RESTRICTED,MEDIUM,Y,OPS_STANDARD,2026-02-27
ACC-0000303,CUST-000266,SEGREGATED,GBP,LSE,GB,2024-11-15,ACTIVE,LOW,Y,OPS_SENSITIVE,2025-05-05
ACC-0000304,CUST-000383,CASH,AUD,ASX,AU,2023-10-18,ACTIVE,MEDIUM,Y,OPS_SENSITIVE,2025-12-02
ACC-0000305,CUST-000088,OMNIBUS,AUD,ASX,AU,2025-10-17,ACTIVE,MEDIUM,Y,OPS_STANDARD,2025-04-22
ACC-0000306,CUST-000416,OMNIBUS,USD,NYSE,US,2024-07-25,ACTIVE,LOW,Y,OPS_SENSITIVE,2025-11-28
ACC-0000307,CUST-000100,CASH,USD,NYSE,US,2025-11-14,ACTIVE,LOW,Y,OPS_STANDARD,2025-09-24
ACC-0000308,CUST-000265,SAFEKEEPING,USD,NYSE,US,2025-05-07,ACTIVE,LOW,Y,OPS_STANDARD,2026-05-17
ACC-0000309,CUST-000330,OMNIBUS,USD,NASDAQ,US,2024-10-24,ACTIVE,MEDIUM,Y,OPS_STANDARD,2025-07-13
ACC-0000310,CUST-000390,PLEDGE,JPY,TSE,JP,2022-12-08,ACTIVE,MEDIUM,Y,OPS_STANDARD,2025-04-01
ACC-0000311,CUST-000419,SAFEKEEPING,EUR,EURONEXT,FR,2024-05-16,DORMANT,MEDIUM,Y,OPS_STANDARD,2025-10-14
ACC-0000312,CUST-000407,SAFEKEEPING,USD,NYSE,US,2025-05-26,ACTIVE,HIGH,Y,OPS_STANDARD,2025-08-19
ACC-0000313,CUST-000224,CASH,USD,NYSE,US,2025-01-19,ACTIVE,LOW,Y,OPS_STANDARD,2025-09-02
ACC-0000314,CUST-000210,PLEDGE,USD,NYSE,US,2024-06-11,ACTIVE,MEDIUM,Y,OPS_STANDARD,2026-05-15
ACC-0000315,CUST-000270,SAFEKEEPING,USD,NYSE,US,2023-07-12,ACTIVE,LOW,Y,OPS_STANDARD,2025-03-16
ACC-0000316,CUST-000500,SEGREGATED,SGD,SGX,SG,2023-10-30,RESTRICTED,MEDIUM,Y,OPS_STANDARD,2025-10-19
ACC-0000317,CUST-000481,SAFEKEEPING,USD,NASDAQ,US,2024-12-22,ACTIVE,LOW,Y,OPS_SENSITIVE,2025-05-02
ACC-0000318,CUST-000402,CASH,USD,NASDAQ,US,2020-06-19,ACTIVE,LOW,Y,OPS_STANDARD,2025-02-26
ACC-0000319,CUST-000035,PLEDGE,AUD,ASX,AU,2026-02-06,ACTIVE,LOW,Y,OPS_SENSITIVE,2026-04-29
ACC-0000320,CUST-000437,OMNIBUS,USD,NYSE,US,2019-01-19,ACTIVE,MEDIUM,Y,OPS_STANDARD,2025-04-28
ACC-0000321,CUST-000492,PLEDGE,USD,NYSE,US,2023-04-22,RESTRICTED,MEDIUM,Y,OPS_STANDARD,2026-01-20
ACC-0000322,CUST-000134,OMNIBUS,JPY,TSE,JP,2018-11-20,ACTIVE,HIGH,Y,OPS_STANDARD,2025-08-08
ACC-0000323,CUST-000451,SAFEKEEPING,JPY,TSE,JP,2023-09-06,ACTIVE,MEDIUM,Y,OPS_STANDARD,2025-04-19
ACC-0000324,CUST-000207,PLEDGE,USD,NYSE,US,2025-04-22,ACTIVE,MEDIUM,Y,OPS_SENSITIVE,2025-02-26
ACC-0000325,CUST-000018,PLEDGE,EUR,EURONEXT,FR,2024-10-23,ACTIVE,MEDIUM,Y,OPS_STANDARD,2025-08-18
ACC-0000326,CUST-000037,OMNIBUS,EUR,XETRA,DE,2025-12-08,ACTIVE,LOW,Y,OPS_SENSITIVE,2025-07-10
ACC-0000327,CUST-000490,CASH,USD,NASDAQ,US,2026-03-06,ACTIVE,LOW,Y,OPS_STANDARD,2025-11-10
ACC-0000328,CUST-000291,SAFEKEEPING,USD,NASDAQ,US,2024-10-14,ACTIVE,MEDIUM,Y,OPS_STANDARD,2025-09-27
ACC-0000329,CUST-000317,CASH,USD,NASDAQ,US,2022-08-19,ACTIVE,LOW,Y,OPS_SENSITIVE,2025-05-18
ACC-0000330,CUST-000490,SAFEKEEPING,USD,NASDAQ,US,2026-04-27,ACTIVE,LOW,Y,OPS_STANDARD,2025-08-28
ACC-0000331,CUST-000395,PLEDGE,EUR,XETRA,DE,2022-09-02,ACTIVE,LOW,Y,OPS_SENSITIVE,2025-10-20
ACC-0000332,CUST-000085,SEGREGATED,EUR,XETRA,DE,2024-11-25,RESTRICTED,MEDIUM,Y,OPS_STANDARD,2026-01-05
ACC-0000333,CUST-000411,SAFEKEEPING,USD,NYSE,US,2020-07-08,ACTIVE,LOW,Y,OPS_STANDARD,2025-08-06
ACC-0000334,CUST-000043,PLEDGE,USD,NYSE,US,2020-06-08,ACTIVE,LOW,Y,OPS_STANDARD,2025-05-18
ACC-0000335,CUST-000418,CASH,USD,NYSE,US,2024-10-21,ACTIVE,MEDIUM,Y,OPS_SENSITIVE,2026-06-04
ACC-0000336,CUST-000382,PLEDGE,USD,NYSE,US,2023-07-29,ACTIVE,LOW,Y,OPS_RESTRICTED,2025-05-06
ACC-0000337,CUST-000106,CASH,USD,NYSE,US,2025-08-13,ACTIVE,LOW,Y,OPS_RESTRICTED,2026-03-09
ACC-0000338,CUST-000331,SAFEKEEPING,USD,NYSE,US,2026-03-31,ACTIVE,LOW,Y,OPS_RESTRICTED,2026-06-04
ACC-0000339,CUST-000456,SEGREGATED,USD,NYSE,US,2017-08-26,DORMANT,MEDIUM,Y,OPS_STANDARD,2025-05-04
ACC-0000340,CUST-000193,OMNIBUS,CAD,TSX,CA,2025-10-14,CLOSED,LOW,Y,OPS_STANDARD,2025-07-13
ACC-0000341,CUST-000409,CASH,USD,NYSE,US,2026-03-30,ACTIVE,MEDIUM,Y,OPS_STANDARD,2025-01-13
ACC-0000342,CUST-000243,SEGREGATED,AUD,ASX,AU,2026-03-12,ACTIVE,LOW,Y,OPS_STANDARD,2026-06-10
ACC-0000343,CUST-000191,SEGREGATED,USD,NYSE,US,2023-08-27,ACTIVE,LOW,Y,OPS_STANDARD,2025-02-24
ACC-0000344,CUST-000443,OMNIBUS,SGD,SGX,SG,2025-01-03,ACTIVE,LOW,Y,OPS_STANDARD,2025-02-08
ACC-0000345,CUST-000452,PLEDGE,USD,NYSE,US,2017-01-03,ACTIVE,MEDIUM,Y,OPS_STANDARD,2026-05-13
ACC-0000346,CUST-000316,SAFEKEEPING,USD,NASDAQ,US,2026-04-11,DORMANT,MEDIUM,Y,OPS_STANDARD,2025-06-19
ACC-0000347,CUST-000114,PLEDGE,CAD,TSX,CA,2026-05-28,ACTIVE,LOW,Y,OPS_STANDARD,2025-12-13
ACC-0000348,CUST-000454,PLEDGE,USD,NASDAQ,US,2026-02-28,ACTIVE,LOW,Y,OPS_STANDARD,2025-06-29
ACC-0000349,CUST-000056,SAFEKEEPING,USD,NASDAQ,US,2022-05-12,ACTIVE,LOW,Y,OPS_STANDARD,2025-12-24
ACC-0000350,CUST-000249,OMNIBUS,USD,NYSE,US,2022-05-14,ACTIVE,MEDIUM,Y,OPS_STANDARD,2025-06-03
ACC-0000351,CUST-000037,PLEDGE,EUR,XETRA,DE,2026-03-11,CLOSED,LOW,Y,OPS_STANDARD,2026-05-13
ACC-0000352,CUST-000331,PLEDGE,USD,NYSE,US,2024-11-30,ACTIVE,LOW,Y,OPS_STANDARD,2025-02-06
ACC-0000353,CUST-000294,PLEDGE,AUD,ASX,AU,2026-04-06,ACTIVE,LOW,Y,OPS_STANDARD,2026-05-03
ACC-0000354,CUST-000496,SAFEKEEPING,USD,NASDAQ,US,2026-02-13,ACTIVE,LOW,Y,OPS_SENSITIVE,2025-02-17
ACC-0000355,CUST-000005,OMNIBUS,USD,NYSE,US,2024-06-19,RESTRICTED,LOW,Y,OPS_STANDARD,2025-03-19
ACC-0000356,CUST-000229,CASH,SGD,SGX,SG,2021-05-20,ACTIVE,MEDIUM,Y,OPS_STANDARD,2026-05-23
ACC-0000357,CUST-000210,OMNIBUS,USD,NASDAQ,US,2024-12-25,ACTIVE,MEDIUM,Y,OPS_STANDARD,2025-03-03
ACC-0000358,CUST-000141,OMNIBUS,USD,NYSE,US,2019-09-14,ACTIVE,MEDIUM,Y,OPS_STANDARD,2025-12-12
ACC-0000359,CUST-000102,SAFEKEEPING,EUR,EURONEXT,FR,2025-03-23,ACTIVE,LOW,Y,OPS_STANDARD,2025-01-11
ACC-0000360,CUST-000325,SAFEKEEPING,USD,NYSE,US,2017-12-23,DORMANT,MEDIUM,Y,OPS_SENSITIVE,2025-09-12
ACC-0000361,CUST-000033,SAFEKEEPING,USD,NYSE,US,2024-07-07,ACTIVE,LOW,Y,OPS_STANDARD,2026-03-11
ACC-0000362,CUST-000481,SAFEKEEPING,USD,NASDAQ,US,2025-08-14,DORMANT,LOW,Y,OPS_STANDARD,2025-08-23
ACC-0000363,CUST-000119,PLEDGE,AUD,ASX,AU,2025-12-01,ACTIVE,MEDIUM,Y,OPS_SENSITIVE,2026-03-10
ACC-0000364,CUST-000080,SEGREGATED,USD,NYSE,US,2024-10-31,ACTIVE,LOW,Y,OPS_STANDARD,2025-09-21
ACC-0000365,CUST-000273,SEGREGATED,USD,NYSE,US,2024-10-30,ACTIVE,MEDIUM,Y,OPS_STANDARD,2025-12-21
ACC-0000366,CUST-000419,PLEDGE,EUR,EURONEXT,FR,2025-02-26,ACTIVE,MEDIUM,Y,OPS_STANDARD,2026-06-01
ACC-0000367,CUST-000302,OMNIBUS,USD,NASDAQ,US,2023-10-20,ACTIVE,LOW,Y,OPS_STANDARD,2025-11-02
ACC-0000368,CUST-000250,PLEDGE,GBP,LSE,GB,2022-02-16,RESTRICTED,MEDIUM,Y,OPS_STANDARD,2026-04-22
ACC-0000369,CUST-000496,SEGREGATED,USD,NASDAQ,US,2018-05-11,ACTIVE,LOW,Y,OPS_SENSITIVE,2026-02-01
ACC-0000370,CUST-000431,SAFEKEEPING,CAD,TSX,CA,2019-02-28,ACTIVE,LOW,Y,OPS_STANDARD,2025-07-21
ACC-0000371,CUST-000425,CASH,USD,NASDAQ,US,2019-03-21,ACTIVE,LOW,Y,OPS_SENSITIVE,2026-01-30
ACC-0000372,CUST-000405,CASH,USD,NYSE,US,2025-05-22,ACTIVE,LOW,Y,OPS_STANDARD,2026-05-18
ACC-0000373,CUST-000062,CASH,GBP,LSE,GB,2022-09-08,ACTIVE,LOW,Y,OPS_STANDARD,2026-05-07
ACC-0000374,CUST-000072,SEGREGATED,SGD,SGX,SG,2025-08-29,ACTIVE,MEDIUM,Y,OPS_SENSITIVE,2025-03-25
ACC-0000375,CUST-000224,SEGREGATED,USD,NASDAQ,US,2024-04-26,CLOSED,LOW,Y,OPS_RESTRICTED,2025-09-01
ACC-0000376,CUST-000022,PLEDGE,GBP,LSE,GB,2023-01-02,ACTIVE,LOW,Y,OPS_SENSITIVE,2025-11-24
ACC-0000377,CUST-000090,PLEDGE,USD,NYSE,US,2025-04-23,ACTIVE,HIGH,Y,OPS_STANDARD,2026-03-01
ACC-0000378,CUST-000332,CASH,EUR,XETRA,DE,2025-08-25,ACTIVE,LOW,Y,OPS_STANDARD,2025-10-17
ACC-0000379,CUST-000124,CASH,USD,NASDAQ,US,2023-09-09,ACTIVE,LOW,Y,OPS_STANDARD,2025-12-17
ACC-0000380,CUST-000255,SEGREGATED,USD,NASDAQ,US,2024-08-25,DORMANT,MEDIUM,Y,OPS_STANDARD,2026-01-12
ACC-0000381,CUST-000151,CASH,USD,NYSE,US,2020-06-15,ACTIVE,LOW,Y,OPS_STANDARD,2026-04-17
ACC-0000382,CUST-000255,PLEDGE,USD,NASDAQ,US,2020-05-27,ACTIVE,MEDIUM,Y,OPS_STANDARD,2026-01-05
ACC-0000383,CUST-000378,CASH,JPY,TSE,JP,2023-10-14,ACTIVE,MEDIUM,Y,OPS_STANDARD,2026-05-14
ACC-0000384,CUST-000321,PLEDGE,SGD,SGX,SG,2025-12-26,ACTIVE,MEDIUM,Y,OPS_STANDARD,2025-10-21
ACC-0000385,CUST-000402,SAFEKEEPING,USD,NYSE,US,2022-05-08,ACTIVE,LOW,Y,OPS_SENSITIVE,2025-09-19
ACC-0000386,CUST-000105,PLEDGE,CAD,TSX,CA,2025-03-28,RESTRICTED,MEDIUM,Y,OPS_STANDARD,2026-04-06
ACC-0000387,CUST-000014,OMNIBUS,USD,NYSE,US,2023-06-05,ACTIVE,LOW,Y,OPS_STANDARD,2026-02-11
ACC-0000388,CUST-000041,CASH,EUR,XETRA,DE,2024-03-23,ACTIVE,LOW,Y,OPS_STANDARD,2025-02-27
ACC-0000389,CUST-000104,CASH,CAD,TSX,CA,2025-07-07,ACTIVE,LOW,Y,OPS_STANDARD,2025-06-15
ACC-0000390,CUST-000266,SAFEKEEPING,GBP,LSE,GB,2025-05-10,ACTIVE,LOW,Y,OPS_STANDARD,2025-05-05
ACC-0000391,CUST-000446,SEGREGATED,USD,NYSE,US,2023-03-14,ACTIVE,LOW,Y,OPS_STANDARD,2026-01-17
ACC-0000392,CUST-000456,OMNIBUS,USD,NYSE,US,2020-07-08,ACTIVE,MEDIUM,Y,OPS_STANDARD,2025-01-26
ACC-0000393,CUST-000199,SAFEKEEPING,EUR,EURONEXT,FR,2026-01-10,ACTIVE,LOW,Y,OPS_STANDARD,2025-05-09
ACC-0000394,CUST-000412,SEGREGATED,USD,NASDAQ,US,2022-07-27,ACTIVE,LOW,Y,OPS_STANDARD,2025-06-14
ACC-0000395,CUST-000490,OMNIBUS,USD,NASDAQ,US,2026-04-30,CLOSED,LOW,Y,OPS_SENSITIVE,2026-05-21
ACC-0000396,CUST-000054,OMNIBUS,USD,NYSE,US,2026-03-06,ACTIVE,LOW,Y,OPS_STANDARD,2025-02-25
ACC-0000397,CUST-000016,PLEDGE,USD,NASDAQ,US,2025-09-04,ACTIVE,MEDIUM,Y,OPS_STANDARD,2025-07-18
ACC-0000398,CUST-000234,SAFEKEEPING,GBP,LSE,GB,2019-04-06,ACTIVE,LOW,Y,OPS_STANDARD,2025-12-15
ACC-0000399,CUST-000006,PLEDGE,SGD,SGX,SG,2021-06-18,ACTIVE,HIGH,Y,OPS_STANDARD,2025-04-20
ACC-0000400,CUST-000137,SEGREGATED,JPY,TSE,JP,2023-02-10,ACTIVE,MEDIUM,Y,OPS_STANDARD,2026-01-15
ACC-0000401,CUST-000041,SAFEKEEPING,EUR,XETRA,DE,2022-01-16,ACTIVE,LOW,Y,OPS_STANDARD,2025-04-30
ACC-0000402,CUST-000422,SEGREGATED,JPY,TSE,JP,2021-11-19,ACTIVE,LOW,Y,OPS_STANDARD,2025-10-23
ACC-0000403,CUST-000403,CASH,USD,NASDAQ,US,2023-04-05,ACTIVE,MEDIUM,Y,OPS_STANDARD,2025-02-06
ACC-0000404,CUST-000481,OMNIBUS,USD,NYSE,US,2026-05-23,ACTIVE,LOW,Y,OPS_SENSITIVE,2025-08-31
ACC-0000405,CUST-000412,SAFEKEEPING,USD,NYSE,US,2025-08-05,ACTIVE,LOW,Y,OPS_STANDARD,2025-10-25
ACC-0000406,CUST-000178,OMNIBUS,USD,NASDAQ,US,2024-08-17,ACTIVE,MEDIUM,Y,OPS_STANDARD,2025-04-08
ACC-0000407,CUST-000060,SEGREGATED,GBP,LSE,GB,2020-01-13,ACTIVE,HIGH,Y,OPS_SENSITIVE,2025-09-14
ACC-0000408,CUST-000055,SAFEKEEPING,CAD,TSX,CA,2026-04-03,ACTIVE,MEDIUM,Y,OPS_STANDARD,2026-01-24
ACC-0000409,CUST-000009,SAFEKEEPING,USD,NASDAQ,US,2022-04-02,DORMANT,MEDIUM,Y,OPS_STANDARD,2025-10-24
ACC-0000410,CUST-000308,SEGREGATED,USD,NASDAQ,US,2024-06-25,ACTIVE,HIGH,Y,OPS_SENSITIVE,2025-07-08
ACC-0000411,CUST-000045,OMNIBUS,JPY,TSE,JP,2026-01-08,ACTIVE,MEDIUM,Y,OPS_STANDARD,2025-03-31
ACC-0000412,CUST-000135,CASH,USD,NASDAQ,US,2021-02-12,ACTIVE,LOW,Y,OPS_STANDARD,2025-06-03
ACC-0000413,CUST-000237,PLEDGE,USD,NASDAQ,US,2024-04-03,ACTIVE,LOW,Y,OPS_STANDARD,2025-12-27
ACC-0000414,CUST-000376,SAFEKEEPING,USD,NYSE,US,2024-09-06,ACTIVE,LOW,Y,OPS_STANDARD,2025-11-17
ACC-0000415,CUST-000427,CASH,USD,NASDAQ,US,2019-07-31,ACTIVE,LOW,Y,OPS_STANDARD,2025-03-23
ACC-0000416,CUST-000098,SAFEKEEPING,GBP,LSE,GB,2024-08-24,ACTIVE,LOW,Y,OPS_STANDARD,2025-10-30
ACC-0000417,CUST-000441,OMNIBUS,USD,NYSE,US,2022-10-20,ACTIVE,LOW,Y,OPS_STANDARD,2025-03-07
ACC-0000418,CUST-000314,PLEDGE,USD,NASDAQ,US,2026-03-09,ACTIVE,LOW,Y,OPS_STANDARD,2026-05-04
ACC-0000419,CUST-000496,SEGREGATED,USD,NYSE,US,2025-02-15,ACTIVE,LOW,Y,OPS_STANDARD,2026-05-11
ACC-0000420,CUST-000406,SAFEKEEPING,CAD,TSX,CA,2025-11-05,ACTIVE,MEDIUM,Y,OPS_STANDARD,2025-02-02
ACC-0000421,CUST-000497,PLEDGE,USD,NYSE,US,2024-11-05,ACTIVE,LOW,Y,OPS_STANDARD,2025-01-26
ACC-0000422,CUST-000202,SAFEKEEPING,SGD,SGX,SG,2026-04-04,ACTIVE,LOW,Y,OPS_STANDARD,2025-12-05
ACC-0000423,CUST-000183,CASH,EUR,EURONEXT,FR,2024-04-25,ACTIVE,LOW,Y,OPS_STANDARD,2025-02-01
ACC-0000424,CUST-000109,CASH,USD,NASDAQ,US,2025-11-21,ACTIVE,LOW,Y,OPS_SENSITIVE,2025-08-02
ACC-0000425,CUST-000476,SEGREGATED,EUR,XETRA,DE,2022-04-25,ACTIVE,HIGH,Y,OPS_SENSITIVE,2025-09-29
ACC-0000426,CUST-000336,CASH,USD,NYSE,US,2026-05-29,ACTIVE,LOW,Y,OPS_STANDARD,2026-06-17
ACC-0000427,CUST-000338,CASH,EUR,EURONEXT,FR,2018-06-03,ACTIVE,LOW,Y,OPS_STANDARD,2025-09-17
ACC-0000428,CUST-000188,OMNIBUS,USD,NASDAQ,US,2026-02-06,ACTIVE,MEDIUM,Y,OPS_STANDARD,2025-09-21
ACC-0000429,CUST-000032,PLEDGE,USD,NYSE,US,2018-03-28,ACTIVE,LOW,Y,OPS_STANDARD,2026-04-25
ACC-0000430,CUST-000137,OMNIBUS,JPY,TSE,JP,2019-11-16,DORMANT,MEDIUM,Y,OPS_STANDARD,2025-01-25
ACC-0000431,CUST-000352,SAFEKEEPING,GBP,LSE,GB,2026-02-12,ACTIVE,MEDIUM,Y,OPS_RESTRICTED,2025-06-08
ACC-0000432,CUST-000215,SAFEKEEPING,CAD,TSX,CA,2023-05-23,ACTIVE,MEDIUM,Y,OPS_RESTRICTED,2026-04-08
ACC-0000433,CUST-000035,PLEDGE,AUD,ASX,AU,2024-01-13,CLOSED,LOW,Y,OPS_STANDARD,2026-06-21
ACC-0000434,CUST-000409,PLEDGE,USD,NYSE,US,2023-12-06,RESTRICTED,MEDIUM,Y,OPS_STANDARD,2025-06-03
ACC-0000435,CUST-000194,CASH,SGD,SGX,SG,2023-04-24,ACTIVE,MEDIUM,Y,OPS_STANDARD,2025-02-20
ACC-0000436,CUST-000320,OMNIBUS,CAD,TSX,CA,2023-11-04,ACTIVE,MEDIUM,Y,OPS_STANDARD,2026-04-02
ACC-0000437,CUST-000496,SEGREGATED,USD,NYSE,US,2018-02-05,ACTIVE,LOW,Y,OPS_SENSITIVE,2025-04-19
ACC-0000438,CUST-000216,SAFEKEEPING,CAD,TSX,CA,2024-02-05,ACTIVE,LOW,Y,OPS_STANDARD,2025-12-25
ACC-0000439,CUST-000341,CASH,USD,NYSE,US,2025-08-25,ACTIVE,LOW,Y,OPS_SENSITIVE,2025-11-28
ACC-0000440,CUST-000105,CASH,CAD,TSX,CA,2025-03-10,DORMANT,MEDIUM,Y,OPS_STANDARD,2026-05-04
ACC-0000441,CUST-000154,OMNIBUS,USD,NASDAQ,US,2025-06-28,ACTIVE,LOW,Y,OPS_STANDARD,2025-08-03
ACC-0000442,CUST-000357,OMNIBUS,USD,NYSE,US,2019-12-01,DORMANT,LOW,Y,OPS_STANDARD,2025-11-01
ACC-0000443,CUST-000422,OMNIBUS,JPY,TSE,JP,2024-08-07,ACTIVE,LOW,Y,OPS_STANDARD,2026-03-29
ACC-0000444,CUST-000376,PLEDGE,USD,NASDAQ,US,2021-03-30,ACTIVE,LOW,Y,OPS_STANDARD,2025-01-15
ACC-0000445,CUST-000169,PLEDGE,USD,NYSE,US,2019-03-23,ACTIVE,MEDIUM,Y,OPS_RESTRICTED,2026-03-29
ACC-0000446,CUST-000005,SAFEKEEPING,USD,NASDAQ,US,2025-02-19,ACTIVE,LOW,Y,OPS_STANDARD,2025-11-02
ACC-0000447,CUST-000025,CASH,USD,NYSE,US,2018-02-16,RESTRICTED,MEDIUM,Y,OPS_STANDARD,2026-05-13
ACC-0000448,CUST-000258,PLEDGE,JPY,TSE,JP,2025-08-09,ACTIVE,LOW,Y,OPS_STANDARD,2026-04-25
ACC-0000449,CUST-000061,SAFEKEEPING,USD,NASDAQ,US,2021-02-16,ACTIVE,LOW,Y,OPS_STANDARD,2026-04-06
ACC-0000450,CUST-000366,SAFEKEEPING,USD,NYSE,US,2025-04-30,ACTIVE,LOW,Y,OPS_STANDARD,2025-12-16
ACC-0000451,CUST-000128,CASH,CAD,TSX,CA,2025-10-04,ACTIVE,HIGH,Y,OPS_RESTRICTED,2025-01-18
ACC-0000452,CUST-000335,SAFEKEEPING,USD,NYSE,US,2025-05-17,ACTIVE,LOW,Y,OPS_STANDARD,2026-04-23
ACC-0000453,CUST-000314,SAFEKEEPING,USD,NASDAQ,US,2025-11-09,ACTIVE,LOW,Y,OPS_STANDARD,2025-08-10
ACC-0000454,CUST-000345,PLEDGE,USD,NYSE,US,2024-04-08,ACTIVE,MEDIUM,Y,OPS_RESTRICTED,2025-11-28
ACC-0000455,CUST-000026,CASH,USD,NASDAQ,US,2020-12-30,ACTIVE,LOW,Y,OPS_STANDARD,2025-03-04
ACC-0000456,CUST-000042,OMNIBUS,USD,NASDAQ,US,2022-08-07,ACTIVE,MEDIUM,Y,OPS_RESTRICTED,2026-06-28
ACC-0000457,CUST-000157,SEGREGATED,USD,NYSE,US,2023-12-20,ACTIVE,HIGH,Y,OPS_STANDARD,2026-04-24
ACC-0000458,CUST-000061,SAFEKEEPING,USD,NASDAQ,US,2023-10-19,ACTIVE,LOW,Y,OPS_STANDARD,2025-05-02
ACC-0000459,CUST-000050,SAFEKEEPING,EUR,XETRA,DE,2025-07-15,ACTIVE,LOW,Y,OPS_STANDARD,2025-01-10
ACC-0000460,CUST-000010,SEGREGATED,AUD,ASX,AU,2021-08-08,CLOSED,MEDIUM,Y,OPS_SENSITIVE,2025-11-11
ACC-0000461,CUST-000194,PLEDGE,SGD,SGX,SG,2025-05-14,ACTIVE,MEDIUM,Y,OPS_STANDARD,2026-02-14
ACC-0000462,CUST-000024,SAFEKEEPING,CAD,TSX,CA,2026-04-20,ACTIVE,MEDIUM,Y,OPS_SENSITIVE,2025-01-28
ACC-0000463,CUST-000499,SEGREGATED,USD,NASDAQ,US,2023-10-28,ACTIVE,LOW,Y,OPS_STANDARD,2025-04-26
ACC-0000464,CUST-000474,PLEDGE,JPY,TSE,JP,2026-03-03,ACTIVE,MEDIUM,Y,OPS_STANDARD,2025-03-22
ACC-0000465,CUST-000396,SEGREGATED,AUD,ASX,AU,2026-05-29,ACTIVE,LOW,Y,OPS_STANDARD,2026-04-14
ACC-0000466,CUST-000225,CASH,AUD,ASX,AU,2022-03-06,ACTIVE,LOW,Y,OPS_STANDARD,2026-02-21
ACC-0000467,CUST-000060,OMNIBUS,GBP,LSE,GB,2025-12-13,ACTIVE,HIGH,Y,OPS_STANDARD,2025-10-28
ACC-0000468,CUST-000214,SEGREGATED,USD,NASDAQ,US,2026-03-28,DORMANT,LOW,Y,OPS_SENSITIVE,2025-08-19
ACC-0000469,CUST-000256,CASH,CAD,TSX,CA,2019-11-04,ACTIVE,MEDIUM,Y,OPS_STANDARD,2026-04-04
ACC-0000470,CUST-000421,CASH,EUR,EURONEXT,FR,2020-07-19,ACTIVE,LOW,Y,OPS_SENSITIVE,2025-10-06
ACC-0000471,CUST-000015,SAFEKEEPING,USD,NASDAQ,US,2025-11-02,ACTIVE,MEDIUM,Y,OPS_STANDARD,2025-09-30
ACC-0000472,CUST-000453,SEGREGATED,EUR,XETRA,DE,2023-02-05,RESTRICTED,LOW,Y,OPS_STANDARD,2025-07-23
ACC-0000473,CUST-000143,SEGREGATED,USD,NASDAQ,US,2025-10-21,ACTIVE,LOW,Y,OPS_SENSITIVE,2025-06-03
ACC-0000474,CUST-000001,CASH,AUD,ASX,AU,2025-10-11,ACTIVE,LOW,Y,OPS_STANDARD,2025-05-01
ACC-0000475,CUST-000434,SAFEKEEPING,USD,NYSE,US,2026-02-05,ACTIVE,LOW,Y,OPS_RESTRICTED,2025-02-01
ACC-0000476,CUST-000330,CASH,USD,NASDAQ,US,2022-03-22,CLOSED,MEDIUM,Y,OPS_STANDARD,2026-05-06
ACC-0000477,CUST-000168,PLEDGE,GBP,LSE,GB,2021-04-30,ACTIVE,LOW,Y,OPS_STANDARD,2026-04-30
ACC-0000478,CUST-000462,SEGREGATED,CAD,TSX,CA,2023-03-30,ACTIVE,LOW,Y,OPS_STANDARD,2025-06-26
ACC-0000479,CUST-000461,OMNIBUS,USD,NYSE,US,2019-09-17,ACTIVE,LOW,Y,OPS_SENSITIVE,2025-08-16
ACC-0000480,CUST-000298,PLEDGE,USD,NYSE,US,2025-07-26,ACTIVE,MEDIUM,Y,OPS_SENSITIVE,2025-06-17
ACC-0000481,CUST-000232,SAFEKEEPING,USD,NYSE,US,2026-01-19,ACTIVE,MEDIUM,Y,OPS_STANDARD,2025-05-06
ACC-0000482,CUST-000288,CASH,GBP,LSE,GB,2023-11-06,ACTIVE,MEDIUM,Y,OPS_STANDARD,2025-12-24
ACC-0000483,CUST-000437,OMNIBUS,USD,NYSE,US,2020-01-02,ACTIVE,MEDIUM,Y,OPS_STANDARD,2025-12-23
ACC-0000484,CUST-000102,OMNIBUS,EUR,EURONEXT,FR,2025-05-31,ACTIVE,LOW,Y,OPS_STANDARD,2025-12-31
ACC-0000485,CUST-000261,OMNIBUS,USD,NYSE,US,2026-02-18,ACTIVE,HIGH,Y,OPS_STANDARD,2025-08-16
ACC-0000486,CUST-000042,SAFEKEEPING,USD,NYSE,US,2025-03-29,ACTIVE,MEDIUM,Y,OPS_STANDARD,2025-05-04
ACC-0000487,CUST-000031,SEGREGATED,EUR,EURONEXT,FR,2022-03-11,RESTRICTED,LOW,Y,OPS_STANDARD,2025-12-31
ACC-0000488,CUST-000395,SAFEKEEPING,EUR,XETRA,DE,2021-03-14,ACTIVE,LOW,Y,OPS_STANDARD,2025-12-11
ACC-0000489,CUST-000145,PLEDGE,USD,NASDAQ,US,2023-06-08,ACTIVE,MEDIUM,Y,OPS_STANDARD,2025-02-12
ACC-0000490,CUST-000309,SAFEKEEPING,GBP,LSE,GB,2024-01-15,ACTIVE,LOW,Y,OPS_STANDARD,2025-12-14
ACC-0000491,CUST-000137,PLEDGE,JPY,TSE,JP,2021-07-14,ACTIVE,MEDIUM,Y,OPS_RESTRICTED,2025-03-13
ACC-0000492,CUST-000261,PLEDGE,USD,NASDAQ,US,2025-07-29,ACTIVE,HIGH,Y,OPS_SENSITIVE,2026-01-24
ACC-0000493,CUST-000438,OMNIBUS,AUD,ASX,AU,2024-08-22,ACTIVE,LOW,Y,OPS_STANDARD,2026-06-25
ACC-0000494,CUST-000006,SAFEKEEPING,SGD,SGX,SG,2020-01-01,ACTIVE,HIGH,Y,OPS_STANDARD,2025-03-21
ACC-0000495,CUST-000086,SEGREGATED,CAD,TSX,CA,2025-08-12,ACTIVE,LOW,Y,OPS_STANDARD,2025-12-28
ACC-0000496,CUST-000342,CASH,SGD,SGX,SG,2024-09-02,ACTIVE,LOW,Y,OPS_STANDARD,2025-09-09
ACC-0000497,CUST-000093,PLEDGE,USD,NYSE,US,2025-07-18,ACTIVE,LOW,Y,OPS_SENSITIVE,2025-10-16
ACC-0000498,CUST-000044,CASH,SGD,SGX,SG,2021-08-23,DORMANT,MEDIUM,Y,OPS_STANDARD,2025-11-07
ACC-0000499,CUST-000316,SAFEKEEPING,USD,NYSE,US,2025-12-27,ACTIVE,MEDIUM,Y,OPS_STANDARD,2025-08-01
ACC-0000500,CUST-000454,PLEDGE,USD,NYSE,US,2026-05-20,ACTIVE,LOW,Y,OPS_STANDARD,2025-07-12
ACC-0000501,CUST-000224,SAFEKEEPING,USD,NYSE,US,2021-02-20,ACTIVE,LOW,Y,OPS_STANDARD,2025-04-07
ACC-0000502,CUST-000350,CASH,EUR,XETRA,DE,2022-04-23,ACTIVE,LOW,Y,OPS_SENSITIVE,2025-07-11
ACC-0000503,CUST-000336,SAFEKEEPING,USD,NASDAQ,US,2025-07-13,ACTIVE,LOW,Y,OPS_STANDARD,2025-06-05
ACC-0000504,CUST-000500,CASH,SGD,SGX,SG,2025-09-12,ACTIVE,MEDIUM,Y,OPS_RESTRICTED,2025-01-08
ACC-0000505,CUST-000446,SAFEKEEPING,USD,NASDAQ,US,2021-08-03,ACTIVE,LOW,Y,OPS_STANDARD,2026-02-27
ACC-0000506,CUST-000093,CASH,USD,NYSE,US,2025-09-26,ACTIVE,LOW,Y,OPS_SENSITIVE,2026-04-16
ACC-0000507,CUST-000046,SEGREGATED,EUR,EURONEXT,FR,2026-02-23,ACTIVE,MEDIUM,Y,OPS_STANDARD,2025-07-17
ACC-0000508,CUST-000298,SEGREGATED,USD,NYSE,US,2022-02-22,ACTIVE,MEDIUM,Y,OPS_RESTRICTED,2025-12-14
ACC-0000509,CUST-000349,PLEDGE,USD,NASDAQ,US,2023-04-09,ACTIVE,MEDIUM,Y,OPS_STANDARD,2025-09-17
ACC-0000510,CUST-000369,OMNIBUS,CAD,TSX,CA,2023-04-02,ACTIVE,LOW,Y,OPS_STANDARD,2025-05-13
ACC-0000511,CUST-000449,CASH,EUR,XETRA,DE,2025-03-21,ACTIVE,MEDIUM,Y,OPS_SENSITIVE,2026-04-03
ACC-0000512,CUST-000379,CASH,EUR,EURONEXT,FR,2024-06-20,ACTIVE,LOW,Y,OPS_STANDARD,2025-11-17
ACC-0000513,CUST-000058,OMNIBUS,GBP,LSE,GB,2026-01-07,ACTIVE,MEDIUM,Y,OPS_STANDARD,2025-09-27
ACC-0000514,CUST-000120,OMNIBUS,AUD,ASX,AU,2024-08-08,ACTIVE,MEDIUM,Y,OPS_STANDARD,2026-06-02
ACC-0000515,CUST-000406,SEGREGATED,CAD,TSX,CA,2025-10-31,ACTIVE,MEDIUM,Y,OPS_STANDARD,2025-04-13
ACC-0000516,CUST-000348,SAFEKEEPING,AUD,ASX,AU,2020-08-20,ACTIVE,MEDIUM,Y,OPS_STANDARD,2025-11-29
ACC-0000517,CUST-000411,CASH,USD,NASDAQ,US,2024-06-27,ACTIVE,LOW,Y,OPS_STANDARD,2026-06-15
ACC-0000518,CUST-000119,SAFEKEEPING,AUD,ASX,AU,2025-03-26,ACTIVE,MEDIUM,Y,OPS_SENSITIVE,2026-04-14
ACC-0000519,CUST-000349,OMNIBUS,USD,NASDAQ,US,2021-02-07,ACTIVE,MEDIUM,Y,OPS_STANDARD,2026-01-10
ACC-0000520,CUST-000258,SAFEKEEPING,JPY,TSE,JP,2025-02-15,ACTIVE,LOW,Y,OPS_STANDARD,2025-01-08
ACC-0000521,CUST-000176,PLEDGE,USD,NASDAQ,US,2026-01-10,ACTIVE,MEDIUM,Y,OPS_STANDARD,2026-02-16
ACC-0000522,CUST-000056,SEGREGATED,USD,NYSE,US,2018-02-03,ACTIVE,LOW,Y,OPS_SENSITIVE,2025-04-11
ACC-0000523,CUST-000421,SAFEKEEPING,EUR,EURONEXT,FR,2026-03-18,ACTIVE,LOW,Y,OPS_SENSITIVE,2025-03-12
ACC-0000524,CUST-000243,OMNIBUS,AUD,ASX,AU,2023-12-01,ACTIVE,LOW,Y,OPS_STANDARD,2025-05-19
ACC-0000525,CUST-000470,CASH,USD,NASDAQ,US,2023-09-20,ACTIVE,MEDIUM,Y,OPS_RESTRICTED,2025-06-01
ACC-0000526,CUST-000074,PLEDGE,CAD,TSX,CA,2025-03-12,ACTIVE,LOW,Y,OPS_SENSITIVE,2026-01-16
ACC-0000527,CUST-000495,CASH,GBP,LSE,GB,2020-11-04,CLOSED,MEDIUM,Y,OPS_STANDARD,2025-01-30
ACC-0000528,CUST-000327,PLEDGE,USD,NYSE,US,2023-09-14,ACTIVE,HIGH,Y,OPS_STANDARD,2026-01-16
ACC-0000529,CUST-000150,SAFEKEEPING,AUD,ASX,AU,2025-09-11,ACTIVE,LOW,Y,OPS_STANDARD,2025-12-03
ACC-0000530,CUST-000443,CASH,SGD,SGX,SG,2026-05-16,ACTIVE,LOW,Y,OPS_STANDARD,2025-12-16
ACC-0000531,CUST-000135,SEGREGATED,USD,NYSE,US,2017-02-11,ACTIVE,LOW,Y,OPS_SENSITIVE,2026-01-14
ACC-0000532,CUST-000172,SAFEKEEPING,USD,NYSE,US,2025-09-15,ACTIVE,MEDIUM,Y,OPS_STANDARD,2026-02-07
ACC-0000533,CUST-000455,SAFEKEEPING,USD,NASDAQ,US,2020-12-25,ACTIVE,HIGH,Y,OPS_STANDARD,2025-04-18
ACC-0000534,CUST-000396,OMNIBUS,AUD,ASX,AU,2024-07-24,ACTIVE,LOW,Y,OPS_STANDARD,2026-01-23
ACC-0000535,CUST-000177,OMNIBUS,AUD,ASX,AU,2022-10-16,ACTIVE,LOW,Y,OPS_STANDARD,2025-09-12
ACC-0000536,CUST-000076,SAFEKEEPING,GBP,LSE,GB,2023-07-06,ACTIVE,LOW,Y,OPS_STANDARD,2025-06-12
ACC-0000537,CUST-000373,OMNIBUS,EUR,XETRA,DE,2025-03-05,ACTIVE,LOW,Y,OPS_STANDARD,2025-11-15
ACC-0000538,CUST-000019,SAFEKEEPING,USD,NYSE,US,2023-06-21,ACTIVE,LOW,Y,OPS_STANDARD,2026-06-28
ACC-0000539,CUST-000459,SAFEKEEPING,USD,NYSE,US,2022-02-16,ACTIVE,MEDIUM,Y,OPS_STANDARD,2025-12-01
ACC-0000540,CUST-000109,OMNIBUS,USD,NASDAQ,US,2026-05-09,ACTIVE,LOW,Y,OPS_STANDARD,2025-11-26
ACC-0000541,CUST-000354,OMNIBUS,USD,NYSE,US,2024-04-06,ACTIVE,MEDIUM,Y,OPS_STANDARD,2025-12-10
ACC-0000542,CUST-000487,SEGREGATED,CAD,TSX,CA,2025-10-23,ACTIVE,MEDIUM,Y,OPS_SENSITIVE,2025-09-14
ACC-0000543,CUST-000059,PLEDGE,USD,NYSE,US,2022-12-22,ACTIVE,MEDIUM,Y,OPS_RESTRICTED,2026-06-18
ACC-0000544,CUST-000363,SEGREGATED,EUR,XETRA,DE,2026-01-24,ACTIVE,MEDIUM,Y,OPS_STANDARD,2025-10-06
ACC-0000545,CUST-000098,SAFEKEEPING,GBP,LSE,GB,2020-01-22,ACTIVE,LOW,Y,OPS_STANDARD,2025-08-11
ACC-0000546,CUST-000392,SEGREGATED,USD,NYSE,US,2024-12-25,ACTIVE,LOW,Y,OPS_STANDARD,2026-01-08
ACC-0000547,CUST-000202,CASH,SGD,SGX,SG,2026-05-09,ACTIVE,LOW,Y,OPS_SENSITIVE,2025-08-11
ACC-0000548,CUST-000471,SEGREGATED,CAD,TSX,CA,2024-09-18,ACTIVE,LOW,Y,OPS_STANDARD,2025-03-12
ACC-0000549,CUST-000299,OMNIBUS,USD,NASDAQ,US,2023-09-22,RESTRICTED,LOW,Y,OPS_SENSITIVE,2025-09-25
ACC-0000550,CUST-000302,OMNIBUS,USD,NYSE,US,2023-05-21,ACTIVE,LOW,Y,OPS_STANDARD,2026-06-23
ACC-0000551,CUST-000070,SEGREGATED,USD,NASDAQ,US,2024-10-29,ACTIVE,LOW,Y,OPS_STANDARD,2026-03-05
ACC-0000552,CUST-000237,SEGREGATED,USD,NASDAQ,US,2025-07-31,ACTIVE,LOW,Y,OPS_STANDARD,2026-02-19
ACC-0000553,CUST-000204,OMNIBUS,EUR,XETRA,DE,2021-10-12,ACTIVE,LOW,Y,OPS_STANDARD,2025-06-27
ACC-0000554,CUST-000314,OMNIBUS,USD,NYSE,US,2025-04-04,ACTIVE,LOW,Y,OPS_STANDARD,2025-11-02
ACC-0000555,CUST-000002,OMNIBUS,GBP,LSE,GB,2020-06-15,ACTIVE,MEDIUM,Y,OPS_STANDARD,2025-06-11
ACC-0000556,CUST-000020,CASH,EUR,EURONEXT,FR,2022-11-03,ACTIVE,MEDIUM,Y,OPS_STANDARD,2026-02-09
ACC-0000557,CUST-000377,PLEDGE,USD,NYSE,US,2024-09-05,ACTIVE,LOW,Y,OPS_STANDARD,2025-12-16
ACC-0000558,CUST-000168,SEGREGATED,GBP,LSE,GB,2021-07-07,ACTIVE,LOW,Y,OPS_STANDARD,2026-02-23
ACC-0000559,CUST-000444,OMNIBUS,USD,NYSE,US,2026-01-22,ACTIVE,LOW,Y,OPS_SENSITIVE,2025-01-25
ACC-0000560,CUST-000237,CASH,USD,NASDAQ,US,2026-03-28,ACTIVE,LOW,Y,OPS_SENSITIVE,2025-10-02
ACC-0000561,CUST-000400,SAFEKEEPING,SGD,SGX,SG,2023-11-06,ACTIVE,MEDIUM,Y,OPS_SENSITIVE,2025-11-22
ACC-0000562,CUST-000424,SAFEKEEPING,USD,NASDAQ,US,2026-04-30,ACTIVE,MEDIUM,Y,OPS_STANDARD,2025-04-07
ACC-0000563,CUST-000210,OMNIBUS,USD,NASDAQ,US,2023-11-10,ACTIVE,MEDIUM,Y,OPS_STANDARD,2025-11-09
ACC-0000564,CUST-000390,SEGREGATED,JPY,TSE,JP,2022-06-23,ACTIVE,MEDIUM,Y,OPS_RESTRICTED,2025-04-30
ACC-0000565,CUST-000368,CASH,USD,NYSE,US,2023-04-04,ACTIVE,HIGH,Y,OPS_STANDARD,2026-05-20
ACC-0000566,CUST-000434,SEGREGATED,USD,NYSE,US,2025-12-11,ACTIVE,LOW,Y,OPS_SENSITIVE,2026-05-25
ACC-0000567,CUST-000078,SAFEKEEPING,GBP,LSE,GB,2019-09-27,ACTIVE,LOW,Y,OPS_STANDARD,2025-05-10
ACC-0000568,CUST-000193,OMNIBUS,CAD,TSX,CA,2024-11-29,ACTIVE,LOW,Y,OPS_STANDARD,2025-09-21
ACC-0000569,CUST-000138,SAFEKEEPING,SGD,SGX,SG,2024-04-19,ACTIVE,LOW,Y,OPS_STANDARD,2026-03-16
ACC-0000570,CUST-000160,CASH,JPY,TSE,JP,2025-03-19,ACTIVE,LOW,Y,OPS_SENSITIVE,2025-08-21
ACC-0000571,CUST-000177,OMNIBUS,AUD,ASX,AU,2022-04-11,ACTIVE,LOW,Y,OPS_STANDARD,2025-08-06
ACC-0000572,CUST-000314,SEGREGATED,USD,NASDAQ,US,2026-01-02,ACTIVE,LOW,Y,OPS_STANDARD,2025-04-05
ACC-0000573,CUST-000207,SAFEKEEPING,USD,NYSE,US,2026-01-03,ACTIVE,MEDIUM,Y,OPS_STANDARD,2026-02-20
ACC-0000574,CUST-000387,SEGREGATED,USD,NYSE,US,2025-03-23,ACTIVE,HIGH,Y,OPS_STANDARD,2025-04-17
ACC-0000575,CUST-000053,PLEDGE,USD,NYSE,US,2021-03-26,ACTIVE,LOW,Y,OPS_SENSITIVE,2026-01-23
ACC-0000576,CUST-000387,CASH,USD,NASDAQ,US,2025-08-13,CLOSED,HIGH,Y,OPS_STANDARD,2025-05-21
ACC-0000577,CUST-000442,PLEDGE,GBP,LSE,GB,2025-10-19,ACTIVE,MEDIUM,Y,OPS_RESTRICTED,2025-03-28
ACC-0000578,CUST-000356,SAFEKEEPING,GBP,LSE,GB,2026-03-12,ACTIVE,MEDIUM,Y,OPS_SENSITIVE,2025-07-07
ACC-0000579,CUST-000347,SAFEKEEPING,USD,NYSE,US,2022-08-01,ACTIVE,LOW,Y,OPS_STANDARD,2026-01-05
ACC-0000580,CUST-000048,CASH,USD,NASDAQ,US,2024-10-30,ACTIVE,LOW,Y,OPS_STANDARD,2026-02-22
ACC-0000581,CUST-000018,SEGREGATED,EUR,EURONEXT,FR,2022-10-15,RESTRICTED,MEDIUM,Y,OPS_STANDARD,2026-05-15
ACC-0000582,CUST-000141,CASH,USD,NYSE,US,2022-07-13,ACTIVE,MEDIUM,Y,OPS_STANDARD,2025-07-23
ACC-0000583,CUST-000080,CASH,USD,NASDAQ,US,2024-07-29,RESTRICTED,LOW,Y,OPS_STANDARD,2025-01-24
ACC-0000584,CUST-000500,SEGREGATED,SGD,SGX,SG,2025-11-10,ACTIVE,MEDIUM,Y,OPS_STANDARD,2025-05-06
ACC-0000585,CUST-000294,OMNIBUS,AUD,ASX,AU,2026-03-28,ACTIVE,LOW,Y,OPS_SENSITIVE,2025-09-27
ACC-0000586,CUST-000418,SEGREGATED,USD,NASDAQ,US,2019-12-23,CLOSED,MEDIUM,Y,OPS_STANDARD,2026-03-08
ACC-0000587,CUST-000129,CASH,USD,NYSE,US,2022-07-14,ACTIVE,LOW,Y,OPS_STANDARD,2026-04-10
ACC-0000588,CUST-000065,SEGREGATED,GBP,LSE,GB,2022-01-15,ACTIVE,LOW,Y,OPS_STANDARD,2025-11-26
ACC-0000589,CUST-000149,PLEDGE,AUD,ASX,AU,2023-04-15,ACTIVE,HIGH,Y,OPS_STANDARD,2025-12-25
ACC-0000590,CUST-000010,PLEDGE,AUD,ASX,AU,2020-08-09,ACTIVE,MEDIUM,Y,OPS_STANDARD,2025-03-11
ACC-0000591,CUST-000435,CASH,CAD,TSX,CA,2022-10-17,ACTIVE,LOW,Y,OPS_STANDARD,2026-05-17
ACC-0000592,CUST-000243,SAFEKEEPING,AUD,ASX,AU,2025-12-24,ACTIVE,LOW,Y,OPS_STANDARD,2025-07-30
ACC-0000593,CUST-000293,CASH,EUR,XETRA,DE,2025-10-09,ACTIVE,HIGH,Y,OPS_STANDARD,2025-08-11
ACC-0000594,CUST-000244,SAFEKEEPING,CAD,TSX,CA,2025-10-12,ACTIVE,LOW,Y,OPS_STANDARD,2025-10-10
ACC-0000595,CUST-000244,SAFEKEEPING,CAD,TSX,CA,2025-06-06,ACTIVE,LOW,Y,OPS_STANDARD,2025-11-05
ACC-0000596,CUST-000200,SAFEKEEPING,EUR,XETRA,DE,2023-03-03,ACTIVE,LOW,Y,OPS_RESTRICTED,2025-04-24
ACC-0000597,CUST-000048,OMNIBUS,USD,NASDAQ,US,2025-06-01,ACTIVE,LOW,Y,OPS_STANDARD,2025-07-16
ACC-0000598,CUST-000173,CASH,USD,NASDAQ,US,2026-03-10,ACTIVE,LOW,Y,OPS_SENSITIVE,2025-05-10
ACC-0000599,CUST-000034,CASH,USD,NYSE,US,2025-11-29,ACTIVE,LOW,Y,OPS_STANDARD,2025-03-21
ACC-0000600,CUST-000074,CASH,CAD,TSX,CA,2024-09-22,ACTIVE,LOW,Y,OPS_STANDARD,2025-05-08
ACC-0000601,CUST-000486,SAFEKEEPING,EUR,XETRA,DE,2025-03-18,ACTIVE,LOW,Y,OPS_STANDARD,2026-03-20
ACC-0000602,CUST-000108,CASH,JPY,TSE,JP,2026-04-28,ACTIVE,MEDIUM,Y,OPS_STANDARD,2025-02-28
ACC-0000603,CUST-000049,CASH,CAD,TSX,CA,2024-08-28,ACTIVE,MEDIUM,Y,OPS_SENSITIVE,2025-01-24
ACC-0000604,CUST-000068,CASH,GBP,LSE,GB,2025-11-04,ACTIVE,MEDIUM,Y,OPS_STANDARD,2025-01-16
ACC-0000605,CUST-000005,CASH,USD,NASDAQ,US,2025-09-10,ACTIVE,LOW,Y,OPS_STANDARD,2025-07-29
ACC-0000606,CUST-000041,OMNIBUS,EUR,XETRA,DE,2025-04-20,ACTIVE,LOW,Y,OPS_RESTRICTED,2026-05-10
ACC-0000607,CUST-000210,OMNIBUS,USD,NASDAQ,US,2021-08-05,ACTIVE,MEDIUM,Y,OPS_STANDARD,2026-04-20
ACC-0000608,CUST-000388,SAFEKEEPING,USD,NASDAQ,US,2024-09-11,DORMANT,LOW,Y,OPS_STANDARD,2025-10-23
ACC-0000609,CUST-000268,SAFEKEEPING,USD,NASDAQ,US,2025-04-10,ACTIVE,MEDIUM,Y,OPS_STANDARD,2026-05-26
ACC-0000610,CUST-000379,OMNIBUS,EUR,EURONEXT,FR,2025-07-14,ACTIVE,LOW,Y,OPS_STANDARD,2026-06-14
ACC-0000611,CUST-000416,CASH,USD,NYSE,US,2025-04-16,ACTIVE,LOW,Y,OPS_STANDARD,2025-05-06
ACC-0000612,CUST-000090,SEGREGATED,USD,NASDAQ,US,2024-03-29,ACTIVE,HIGH,Y,OPS_STANDARD,2026-03-02
ACC-0000613,CUST-000111,OMNIBUS,GBP,LSE,GB,2026-01-15,ACTIVE,LOW,Y,OPS_RESTRICTED,2026-03-13
ACC-0000614,CUST-000148,SEGREGATED,USD,NASDAQ,US,2026-05-28,ACTIVE,MEDIUM,Y,OPS_SENSITIVE,2025-09-09
ACC-0000615,CUST-000201,CASH,USD,NASDAQ,US,2025-10-03,ACTIVE,HIGH,Y,OPS_STANDARD,2025-08-06
ACC-0000616,CUST-000249,CASH,USD,NYSE,US,2022-08-16,ACTIVE,MEDIUM,Y,OPS_STANDARD,2025-05-05
ACC-0000617,CUST-000228,SAFEKEEPING,USD,NYSE,US,2019-09-17,ACTIVE,MEDIUM,Y,OPS_SENSITIVE,2025-01-09
ACC-0000618,CUST-000181,PLEDGE,CAD,TSX,CA,2025-04-24,ACTIVE,MEDIUM,Y,OPS_SENSITIVE,2026-04-26
ACC-0000619,CUST-000440,PLEDGE,GBP,LSE,GB,2020-07-14,ACTIVE,MEDIUM,Y,OPS_STANDARD,2025-07-11
ACC-0000620,CUST-000119,PLEDGE,AUD,ASX,AU,2025-02-18,ACTIVE,MEDIUM,Y,OPS_SENSITIVE,2025-05-03
ACC-0000621,CUST-000429,PLEDGE,USD,NASDAQ,US,2026-03-24,ACTIVE,LOW,Y,OPS_STANDARD,2025-07-18
ACC-0000622,CUST-000213,SEGREGATED,USD,NYSE,US,2022-04-22,ACTIVE,LOW,Y,OPS_STANDARD,2026-02-01
ACC-0000623,CUST-000170,SEGREGATED,USD,NYSE,US,2022-09-06,ACTIVE,LOW,Y,OPS_STANDARD,2026-04-26
ACC-0000624,CUST-000376,OMNIBUS,USD,NASDAQ,US,2024-12-28,ACTIVE,LOW,Y,OPS_STANDARD,2026-03-06
ACC-0000625,CUST-000215,CASH,CAD,TSX,CA,2023-09-18,ACTIVE,MEDIUM,Y,OPS_STANDARD,2025-12-02
ACC-0000626,CUST-000408,CASH,USD,NASDAQ,US,2020-12-31,ACTIVE,LOW,Y,OPS_STANDARD,2025-09-29
ACC-0000627,CUST-000281,PLEDGE,GBP,LSE,GB,2024-07-05,ACTIVE,LOW,Y,OPS_STANDARD,2025-06-20
ACC-0000628,CUST-000392,CASH,USD,NYSE,US,2023-07-29,ACTIVE,LOW,Y,OPS_SENSITIVE,2026-03-27
ACC-0000629,CUST-000120,OMNIBUS,AUD,ASX,AU,2023-11-07,ACTIVE,MEDIUM,Y,OPS_STANDARD,2025-07-30
ACC-0000630,CUST-000291,PLEDGE,USD,NYSE,US,2025-04-19,ACTIVE,MEDIUM,Y,OPS_STANDARD,2025-04-18
ACC-0000631,CUST-000276,PLEDGE,USD,NASDAQ,US,2021-02-02,ACTIVE,LOW,Y,OPS_STANDARD,2025-02-25
ACC-0000632,CUST-000016,SAFEKEEPING,USD,NASDAQ,US,2025-10-04,ACTIVE,MEDIUM,Y,OPS_STANDARD,2025-06-01
ACC-0000633,CUST-000315,CASH,EUR,XETRA,DE,2024-04-22,ACTIVE,LOW,Y,OPS_RESTRICTED,2025-08-21
ACC-0000634,CUST-000460,OMNIBUS,USD,NYSE,US,2023-12-08,ACTIVE,MEDIUM,Y,OPS_STANDARD,2025-03-02
ACC-0000635,CUST-000134,CASH,JPY,TSE,JP,2022-10-05,ACTIVE,HIGH,Y,OPS_SENSITIVE,2025-09-14
ACC-0000636,CUST-000181,SEGREGATED,CAD,TSX,CA,2026-04-13,ACTIVE,MEDIUM,Y,OPS_STANDARD,2026-02-03
ACC-0000637,CUST-000493,CASH,USD,NYSE,US,2020-07-01,DORMANT,LOW,Y,OPS_STANDARD,2026-05-03
ACC-0000638,CUST-000006,SAFEKEEPING,SGD,SGX,SG,2023-01-24,DORMANT,HIGH,Y,OPS_STANDARD,2025-09-03
ACC-0000639,CUST-000144,SEGREGATED,USD,NASDAQ,US,2022-05-16,ACTIVE,LOW,Y,OPS_SENSITIVE,2025-10-15
ACC-0000640,CUST-000045,CASH,JPY,TSE,JP,2026-05-21,CLOSED,MEDIUM,Y,OPS_STANDARD,2025-11-05
ACC-0000641,CUST-000466,PLEDGE,GBP,LSE,GB,2026-04-22,ACTIVE,LOW,Y,OPS_SENSITIVE,2025-02-27
ACC-0000642,CUST-000391,SEGREGATED,GBP,LSE,GB,2023-12-02,DORMANT,LOW,Y,OPS_STANDARD,2026-05-24
ACC-0000643,CUST-000307,SAFEKEEPING,JPY,TSE,JP,2024-03-05,DORMANT,LOW,Y,OPS_STANDARD,2025-10-10
ACC-0000644,CUST-000054,CASH,USD,NYSE,US,2020-08-23,ACTIVE,LOW,Y,OPS_SENSITIVE,2025-11-11
ACC-0000645,CUST-000223,CASH,USD,NYSE,US,2017-09-06,ACTIVE,LOW,Y,OPS_STANDARD,2025-07-09
ACC-0000646,CUST-000079,PLEDGE,USD,NYSE,US,2020-10-07,ACTIVE,LOW,Y,OPS_SENSITIVE,2025-11-24
ACC-0000647,CUST-000004,CASH,USD,NYSE,US,2020-12-05,RESTRICTED,MEDIUM,Y,OPS_STANDARD,2025-04-20
ACC-0000648,CUST-000398,CASH,USD,NYSE,US,2023-03-15,ACTIVE,LOW,Y,OPS_STANDARD,2025-04-14
ACC-0000649,CUST-000464,SAFEKEEPING,AUD,ASX,AU,2025-10-28,ACTIVE,MEDIUM,Y,OPS_STANDARD,2025-01-03
ACC-0000650,CUST-000457,OMNIBUS,SGD,SGX,SG,2021-10-24,ACTIVE,HIGH,Y,OPS_STANDARD,2025-04-10
ACC-0000651,CUST-000486,SAFEKEEPING,EUR,XETRA,DE,2024-10-25,ACTIVE,LOW,Y,OPS_SENSITIVE,2025-09-24
ACC-0000652,CUST-000113,OMNIBUS,GBP,LSE,GB,2024-11-23,ACTIVE,MEDIUM,Y,OPS_STANDARD,2026-04-29
ACC-0000653,CUST-000007,SAFEKEEPING,USD,NASDAQ,US,2025-06-04,ACTIVE,LOW,Y,OPS_STANDARD,2026-01-02
ACC-0000654,CUST-000453,SEGREGATED,EUR,XETRA,DE,2022-12-20,ACTIVE,LOW,Y,OPS_STANDARD,2026-03-15
ACC-0000655,CUST-000246,CASH,SGD,SGX,SG,2026-01-10,ACTIVE,LOW,Y,OPS_STANDARD,2025-09-16
ACC-0000656,CUST-000164,SEGREGATED,CAD,TSX,CA,2026-04-19,ACTIVE,LOW,Y,OPS_SENSITIVE,2025-02-14
ACC-0000657,CUST-000059,CASH,USD,NYSE,US,2023-08-08,ACTIVE,MEDIUM,Y,OPS_STANDARD,2025-06-29
ACC-0000658,CUST-000405,SEGREGATED,USD,NASDAQ,US,2026-04-07,ACTIVE,LOW,Y,OPS_STANDARD,2026-04-15
ACC-0000659,CUST-000210,CASH,USD,NYSE,US,2026-03-15,ACTIVE,MEDIUM,Y,OPS_STANDARD,2026-03-21
ACC-0000660,CUST-000031,PLEDGE,EUR,EURONEXT,FR,2024-08-07,ACTIVE,LOW,Y,OPS_STANDARD,2025-12-05
ACC-0000661,CUST-000055,OMNIBUS,CAD,TSX,CA,2025-02-21,ACTIVE,MEDIUM,Y,OPS_STANDARD,2026-02-02
ACC-0000662,CUST-000436,PLEDGE,CAD,TSX,CA,2023-08-19,ACTIVE,LOW,Y,OPS_STANDARD,2025-01-04
ACC-0000663,CUST-000055,OMNIBUS,CAD,TSX,CA,2022-12-09,CLOSED,MEDIUM,Y,OPS_STANDARD,2025-01-23
ACC-0000664,CUST-000464,SEGREGATED,AUD,ASX,AU,2024-11-10,ACTIVE,MEDIUM,Y,OPS_STANDARD,2025-05-12
ACC-0000665,CUST-000352,OMNIBUS,GBP,LSE,GB,2025-06-12,ACTIVE,MEDIUM,Y,OPS_STANDARD,2025-05-01
ACC-0000666,CUST-000455,PLEDGE,USD,NASDAQ,US,2024-04-21,ACTIVE,HIGH,Y,OPS_SENSITIVE,2025-02-24
ACC-0000667,CUST-000143,CASH,USD,NYSE,US,2025-06-10,ACTIVE,LOW,Y,OPS_STANDARD,2026-05-22
ACC-0000668,CUST-000429,OMNIBUS,USD,NYSE,US,2024-06-14,ACTIVE,LOW,Y,OPS_STANDARD,2026-03-14
ACC-0000669,CUST-000037,CASH,EUR,XETRA,DE,2025-11-11,ACTIVE,LOW,Y,OPS_STANDARD,2026-04-17
ACC-0000670,CUST-000394,CASH,CAD,TSX,CA,2026-05-13,ACTIVE,MEDIUM,Y,OPS_STANDARD,2026-03-27
ACC-0000671,CUST-000088,SAFEKEEPING,AUD,ASX,AU,2024-04-06,RESTRICTED,MEDIUM,Y,OPS_STANDARD,2025-07-20
ACC-0000672,CUST-000038,SAFEKEEPING,USD,NYSE,US,2026-04-01,ACTIVE,LOW,Y,OPS_STANDARD,2025-01-15
ACC-0000673,CUST-000396,PLEDGE,AUD,ASX,AU,2024-09-30,ACTIVE,LOW,Y,OPS_SENSITIVE,2025-11-19
ACC-0000674,CUST-000377,SAFEKEEPING,USD,NASDAQ,US,2021-10-19,ACTIVE,LOW,Y,OPS_STANDARD,2026-05-08
ACC-0000675,CUST-000311,SEGREGATED,USD,NASDAQ,US,2024-06-20,ACTIVE,MEDIUM,Y,OPS_STANDARD,2025-12-12
ACC-0000676,CUST-000143,SEGREGATED,USD,NYSE,US,2026-02-27,ACTIVE,LOW,Y,OPS_STANDARD,2025-10-19
ACC-0000677,CUST-000198,CASH,USD,NYSE,US,2025-11-21,ACTIVE,LOW,Y,OPS_SENSITIVE,2025-05-27
ACC-0000678,CUST-000456,SEGREGATED,USD,NASDAQ,US,2022-06-01,ACTIVE,MEDIUM,Y,OPS_RESTRICTED,2025-05-11
ACC-0000679,CUST-000478,CASH,GBP,LSE,GB,2023-06-26,ACTIVE,MEDIUM,Y,OPS_STANDARD,2025-12-20
ACC-0000680,CUST-000006,OMNIBUS,SGD,SGX,SG,2021-04-19,ACTIVE,HIGH,Y,OPS_SENSITIVE,2025-01-20
ACC-0000681,CUST-000200,SAFEKEEPING,EUR,XETRA,DE,2020-09-10,ACTIVE,LOW,Y,OPS_RESTRICTED,2026-02-02
ACC-0000682,CUST-000423,SAFEKEEPING,USD,NASDAQ,US,2020-01-26,ACTIVE,MEDIUM,Y,OPS_STANDARD,2026-02-03
ACC-0000683,CUST-000481,PLEDGE,USD,NYSE,US,2025-06-17,ACTIVE,LOW,Y,OPS_STANDARD,2026-04-04
ACC-0000684,CUST-000429,CASH,USD,NYSE,US,2022-02-15,RESTRICTED,LOW,Y,OPS_STANDARD,2025-04-06
ACC-0000685,CUST-000312,OMNIBUS,USD,NASDAQ,US,2017-04-24,ACTIVE,HIGH,Y,OPS_SENSITIVE,2025-02-06
ACC-0000686,CUST-000186,SEGREGATED,JPY,TSE,JP,2020-03-05,ACTIVE,MEDIUM,Y,OPS_SENSITIVE,2025-12-26
ACC-0000687,CUST-000449,OMNIBUS,EUR,XETRA,DE,2023-03-17,ACTIVE,MEDIUM,Y,OPS_STANDARD,2025-10-05
ACC-0000688,CUST-000275,CASH,USD,NASDAQ,US,2021-02-15,ACTIVE,LOW,Y,OPS_STANDARD,2025-01-20
ACC-0000689,CUST-000002,SEGREGATED,GBP,LSE,GB,2024-12-15,ACTIVE,MEDIUM,Y,OPS_STANDARD,2025-10-02
ACC-0000690,CUST-000373,CASH,EUR,XETRA,DE,2023-08-19,ACTIVE,LOW,Y,OPS_SENSITIVE,2025-06-15
ACC-0000691,CUST-000019,CASH,USD,NASDAQ,US,2022-02-21,ACTIVE,LOW,Y,OPS_RESTRICTED,2025-12-09
ACC-0000692,CUST-000268,SAFEKEEPING,USD,NYSE,US,2023-09-19,ACTIVE,MEDIUM,Y,OPS_STANDARD,2025-03-22
ACC-0000693,CUST-000233,SAFEKEEPING,USD,NYSE,US,2023-05-01,ACTIVE,LOW,Y,OPS_STANDARD,2025-10-01
ACC-0000694,CUST-000247,CASH,USD,NASDAQ,US,2022-09-07,ACTIVE,MEDIUM,Y,OPS_STANDARD,2025-07-24
ACC-0000695,CUST-000142,OMNIBUS,GBP,LSE,GB,2025-10-26,ACTIVE,LOW,Y,OPS_STANDARD,2025-07-05
ACC-0000696,CUST-000334,PLEDGE,GBP,LSE,GB,2019-07-06,ACTIVE,LOW,Y,OPS_STANDARD,2025-02-05
ACC-0000697,CUST-000283,CASH,EUR,EURONEXT,FR,2018-08-31,CLOSED,MEDIUM,Y,OPS_STANDARD,2026-03-29
ACC-0000698,CUST-000057,SAFEKEEPING,GBP,LSE,GB,2025-10-17,ACTIVE,LOW,Y,OPS_STANDARD,2025-05-20
ACC-0000699,CUST-000091,PLEDGE,USD,NYSE,US,2026-03-16,ACTIVE,MEDIUM,Y,OPS_RESTRICTED,2025-11-12
ACC-0000700,CUST-000005,SAFEKEEPING,USD,NYSE,US,2025-06-20,ACTIVE,LOW,Y,OPS_STANDARD,2025-01-19
ACC-0000701,CUST-000195,PLEDGE,CAD,TSX,CA,2024-08-24,ACTIVE,LOW,Y,OPS_STANDARD,2026-04-28
ACC-0000702,CUST-000001,SAFEKEEPING,AUD,ASX,AU,2025-10-17,ACTIVE,LOW,Y,OPS_STANDARD,2025-01-31
ACC-0000703,CUST-000231,OMNIBUS,GBP,LSE,GB,2022-06-16,ACTIVE,LOW,Y,OPS_STANDARD,2026-05-25
ACC-0000704,CUST-000195,PLEDGE,CAD,TSX,CA,2025-01-18,ACTIVE,LOW,Y,OPS_STANDARD,2025-08-21
ACC-0000705,CUST-000370,OMNIBUS,CAD,TSX,CA,2021-12-23,ACTIVE,MEDIUM,Y,OPS_STANDARD,2025-04-20
ACC-0000706,CUST-000014,SEGREGATED,USD,NASDAQ,US,2024-06-29,ACTIVE,LOW,Y,OPS_SENSITIVE,2026-01-25
ACC-0000707,CUST-000139,SEGREGATED,USD,NASDAQ,US,2025-08-15,ACTIVE,HIGH,Y,OPS_STANDARD,2025-12-08
ACC-0000708,CUST-000107,SEGREGATED,JPY,TSE,JP,2022-12-19,ACTIVE,LOW,Y,OPS_STANDARD,2025-10-06
ACC-0000709,CUST-000450,CASH,EUR,EURONEXT,FR,2023-12-09,ACTIVE,LOW,Y,OPS_STANDARD,2025-01-16
ACC-0000710,CUST-000068,OMNIBUS,GBP,LSE,GB,2024-08-27,ACTIVE,MEDIUM,Y,OPS_SENSITIVE,2026-06-28
ACC-0000711,CUST-000363,PLEDGE,EUR,XETRA,DE,2026-01-06,DORMANT,MEDIUM,Y,OPS_STANDARD,2025-06-18
ACC-0000712,CUST-000218,PLEDGE,USD,NASDAQ,US,2026-02-19,ACTIVE,MEDIUM,Y,OPS_STANDARD,2026-03-04
ACC-0000713,CUST-000230,CASH,USD,NYSE,US,2023-11-29,ACTIVE,LOW,Y,OPS_SENSITIVE,2025-11-23
ACC-0000714,CUST-000338,SEGREGATED,EUR,EURONEXT,FR,2024-06-16,ACTIVE,LOW,Y,OPS_SENSITIVE,2026-06-05
ACC-0000715,CUST-000103,SAFEKEEPING,USD,NASDAQ,US,2023-10-11,ACTIVE,MEDIUM,Y,OPS_STANDARD,2026-05-24
ACC-0000716,CUST-000388,CASH,USD,NASDAQ,US,2026-04-06,ACTIVE,LOW,Y,OPS_STANDARD,2026-06-02
ACC-0000717,CUST-000417,OMNIBUS,USD,NASDAQ,US,2024-10-11,ACTIVE,LOW,Y,OPS_STANDARD,2025-07-11
ACC-0000718,CUST-000146,SEGREGATED,USD,NYSE,US,2021-07-31,ACTIVE,LOW,Y,OPS_SENSITIVE,2025-04-10
ACC-0000719,CUST-000225,PLEDGE,AUD,ASX,AU,2022-08-17,ACTIVE,LOW,Y,OPS_STANDARD,2025-10-25
ACC-0000720,CUST-000157,SEGREGATED,USD,NASDAQ,US,2024-07-01,ACTIVE,HIGH,Y,OPS_STANDARD,2025-05-15
ACC-0000721,CUST-000161,CASH,USD,NASDAQ,US,2022-07-20,DORMANT,LOW,Y,OPS_STANDARD,2025-04-23
ACC-0000722,CUST-000188,SAFEKEEPING,USD,NYSE,US,2025-10-07,ACTIVE,MEDIUM,Y,OPS_STANDARD,2025-08-22
ACC-0000723,CUST-000491,SEGREGATED,EUR,XETRA,DE,2020-04-10,ACTIVE,LOW,Y,OPS_STANDARD,2025-02-26
ACC-0000724,CUST-000426,SEGREGATED,USD,NASDAQ,US,2020-09-19,ACTIVE,MEDIUM,Y,OPS_STANDARD,2025-06-08
ACC-0000725,CUST-000171,SAFEKEEPING,USD,NASDAQ,US,2020-09-29,RESTRICTED,MEDIUM,Y,OPS_STANDARD,2025-02-19
ACC-0000726,CUST-000399,CASH,JPY,TSE,JP,2026-04-01,ACTIVE,LOW,Y,OPS_STANDARD,2025-11-12
ACC-0000727,CUST-000136,PLEDGE,AUD,ASX,AU,2020-01-10,DORMANT,MEDIUM,Y,OPS_STANDARD,2025-08-13
ACC-0000728,CUST-000121,PLEDGE,GBP,LSE,GB,2022-11-04,ACTIVE,MEDIUM,Y,OPS_STANDARD,2025-02-26
ACC-0000729,CUST-000080,SEGREGATED,USD,NYSE,US,2023-09-22,ACTIVE,LOW,Y,OPS_STANDARD,2025-01-27
ACC-0000730,CUST-000347,SAFEKEEPING,USD,NYSE,US,2023-01-27,ACTIVE,LOW,Y,OPS_STANDARD,2026-04-07
ACC-0000731,CUST-000470,CASH,USD,NYSE,US,2026-05-14,ACTIVE,MEDIUM,Y,OPS_STANDARD,2025-08-11
ACC-0000732,CUST-000462,PLEDGE,CAD,TSX,CA,2024-03-18,ACTIVE,LOW,Y,OPS_STANDARD,2025-05-15
ACC-0000733,CUST-000124,PLEDGE,USD,NASDAQ,US,2025-08-01,DORMANT,LOW,Y,OPS_STANDARD,2026-01-29
ACC-0000734,CUST-000256,OMNIBUS,CAD,TSX,CA,2018-10-26,ACTIVE,MEDIUM,Y,OPS_STANDARD,2026-02-11
ACC-0000735,CUST-000074,SAFEKEEPING,CAD,TSX,CA,2025-08-22,ACTIVE,LOW,Y,OPS_RESTRICTED,2026-05-07
ACC-0000736,CUST-000388,CASH,USD,NASDAQ,US,2026-04-11,ACTIVE,LOW,Y,OPS_SENSITIVE,2026-05-15
ACC-0000737,CUST-000491,SEGREGATED,EUR,XETRA,DE,2022-11-16,ACTIVE,LOW,Y,OPS_SENSITIVE,2026-04-17
ACC-0000738,CUST-000147,OMNIBUS,CAD,TSX,CA,2017-07-18,ACTIVE,MEDIUM,Y,OPS_STANDARD,2025-08-15
ACC-0000739,CUST-000124,CASH,USD,NYSE,US,2021-02-05,ACTIVE,LOW,Y,OPS_STANDARD,2025-11-14
ACC-0000740,CUST-000368,OMNIBUS,USD,NASDAQ,US,2023-07-01,ACTIVE,HIGH,Y,OPS_STANDARD,2025-10-15
ACC-0000741,CUST-000283,SAFEKEEPING,EUR,EURONEXT,FR,2018-10-17,ACTIVE,MEDIUM,Y,OPS_STANDARD,2026-05-28
ACC-0000742,CUST-000232,SAFEKEEPING,USD,NYSE,US,2025-01-20,ACTIVE,MEDIUM,Y,OPS_STANDARD,2025-06-27
ACC-0000743,CUST-000070,SAFEKEEPING,USD,NYSE,US,2025-07-13,ACTIVE,LOW,Y,OPS_SENSITIVE,2025-12-07
ACC-0000744,CUST-000256,SAFEKEEPING,CAD,TSX,CA,2025-09-24,ACTIVE,MEDIUM,Y,OPS_STANDARD,2026-01-11
ACC-0000745,CUST-000337,SAFEKEEPING,USD,NYSE,US,2026-01-30,ACTIVE,HIGH,Y,OPS_STANDARD,2025-04-04
ACC-0000746,CUST-000075,PLEDGE,GBP,LSE,GB,2021-03-05,ACTIVE,MEDIUM,Y,OPS_STANDARD,2026-06-28
ACC-0000747,CUST-000424,OMNIBUS,USD,NASDAQ,US,2023-02-12,ACTIVE,MEDIUM,Y,OPS_STANDARD,2026-05-03
ACC-0000748,CUST-000305,SEGREGATED,GBP,LSE,GB,2023-02-07,ACTIVE,MEDIUM,Y,OPS_SENSITIVE,2026-01-14
ACC-0000749,CUST-000491,SEGREGATED,EUR,XETRA,DE,2023-05-23,ACTIVE,LOW,Y,OPS_STANDARD,2026-01-01
ACC-0000750,CUST-000364,CASH,JPY,TSE,JP,2019-11-07,ACTIVE,MEDIUM,Y,OPS_SENSITIVE,2026-01-21
ACC-0000751,CUST-000206,CASH,GBP,LSE,GB,2026-01-20,ACTIVE,MEDIUM,Y,OPS_STANDARD,2025-11-09
ACC-0000752,CUST-000473,PLEDGE,GBP,LSE,GB,2024-03-20,ACTIVE,MEDIUM,Y,OPS_STANDARD,2025-10-02
ACC-0000753,CUST-000458,CASH,USD,NASDAQ,US,2025-02-28,ACTIVE,LOW,Y,OPS_SENSITIVE,2025-08-07
ACC-0000754,CUST-000053,PLEDGE,USD,NASDAQ,US,2022-05-08,ACTIVE,LOW,Y,OPS_STANDARD,2026-06-12
ACC-0000755,CUST-000375,OMNIBUS,USD,NYSE,US,2024-09-19,ACTIVE,LOW,Y,OPS_SENSITIVE,2025-07-16
ACC-0000756,CUST-000059,CASH,USD,NYSE,US,2022-04-30,ACTIVE,MEDIUM,Y,OPS_SENSITIVE,2025-06-19
ACC-0000757,CUST-000101,PLEDGE,EUR,XETRA,DE,2021-10-17,ACTIVE,MEDIUM,Y,OPS_SENSITIVE,2026-03-23
ACC-0000758,CUST-000453,CASH,EUR,XETRA,DE,2025-11-14,ACTIVE,LOW,Y,OPS_STANDARD,2025-06-24
ACC-0000759,CUST-000426,CASH,USD,NYSE,US,2023-02-12,ACTIVE,MEDIUM,Y,OPS_RESTRICTED,2026-04-09
ACC-0000760,CUST-000174,PLEDGE,GBP,LSE,GB,2025-05-05,ACTIVE,LOW,Y,OPS_STANDARD,2026-06-24
ACC-0000761,CUST-000322,PLEDGE,GBP,LSE,GB,2023-06-23,ACTIVE,MEDIUM,Y,OPS_STANDARD,2025-11-12
ACC-0000762,CUST-000198,PLEDGE,USD,NASDAQ,US,2019-06-09,ACTIVE,LOW,Y,OPS_SENSITIVE,2025-11-17
ACC-0000763,CUST-000478,CASH,GBP,LSE,GB,2022-06-11,ACTIVE,MEDIUM,Y,OPS_STANDARD,2025-09-23
ACC-0000764,CUST-000472,SEGREGATED,GBP,LSE,GB,2023-02-22,ACTIVE,MEDIUM,Y,OPS_STANDARD,2025-07-07
ACC-0000765,CUST-000468,OMNIBUS,USD,NYSE,US,2026-03-09,ACTIVE,MEDIUM,Y,OPS_STANDARD,2026-02-19
ACC-0000766,CUST-000361,SEGREGATED,USD,NYSE,US,2024-04-24,ACTIVE,MEDIUM,Y,OPS_STANDARD,2025-07-09
ACC-0000767,CUST-000295,OMNIBUS,EUR,XETRA,DE,2025-10-03,ACTIVE,HIGH,Y,OPS_STANDARD,2025-12-14
ACC-0000768,CUST-000059,SEGREGATED,USD,NASDAQ,US,2020-03-10,ACTIVE,MEDIUM,Y,OPS_STANDARD,2025-04-14
ACC-0000769,CUST-000020,PLEDGE,EUR,EURONEXT,FR,2021-12-04,ACTIVE,MEDIUM,Y,OPS_STANDARD,2025-12-22
ACC-0000770,CUST-000469,PLEDGE,SGD,SGX,SG,2025-11-07,ACTIVE,LOW,Y,OPS_STANDARD,2025-12-08
ACC-0000771,CUST-000292,SAFEKEEPING,USD,NASDAQ,US,2025-10-05,DORMANT,LOW,Y,OPS_STANDARD,2025-04-12
ACC-0000772,CUST-000253,OMNIBUS,USD,NASDAQ,US,2021-12-10,ACTIVE,LOW,Y,OPS_STANDARD,2025-06-23
ACC-0000773,CUST-000265,SAFEKEEPING,USD,NYSE,US,2025-08-25,ACTIVE,LOW,Y,OPS_STANDARD,2026-01-10
ACC-0000774,CUST-000051,PLEDGE,EUR,XETRA,DE,2022-05-06,ACTIVE,LOW,Y,OPS_RESTRICTED,2025-03-27
ACC-0000775,CUST-000458,SAFEKEEPING,USD,NASDAQ,US,2019-06-14,ACTIVE,LOW,Y,OPS_RESTRICTED,2025-06-13
ACC-0000776,CUST-000247,SEGREGATED,USD,NYSE,US,2022-01-12,ACTIVE,MEDIUM,Y,OPS_STANDARD,2025-11-02
ACC-0000777,CUST-000219,SEGREGATED,EUR,EURONEXT,FR,2020-11-21,ACTIVE,LOW,Y,OPS_STANDARD,2025-10-29
ACC-0000778,CUST-000304,CASH,USD,NYSE,US,2017-10-04,ACTIVE,MEDIUM,Y,OPS_STANDARD,2025-05-06
ACC-0000779,CUST-000281,SAFEKEEPING,GBP,LSE,GB,2025-11-04,ACTIVE,LOW,Y,OPS_STANDARD,2025-10-06
ACC-0000780,CUST-000133,CASH,EUR,XETRA,DE,2023-02-08,ACTIVE,MEDIUM,Y,OPS_STANDARD,2026-01-05
ACC-0000781,CUST-000157,PLEDGE,USD,NYSE,US,2024-02-23,ACTIVE,HIGH,Y,OPS_SENSITIVE,2025-12-22
ACC-0000782,CUST-000404,OMNIBUS,USD,NASDAQ,US,2019-11-11,ACTIVE,LOW,Y,OPS_STANDARD,2025-02-22
ACC-0000783,CUST-000329,OMNIBUS,USD,NYSE,US,2024-08-17,DORMANT,MEDIUM,Y,OPS_STANDARD,2025-07-04
ACC-0000784,CUST-000403,SEGREGATED,USD,NASDAQ,US,2025-01-02,ACTIVE,MEDIUM,Y,OPS_STANDARD,2025-08-01
ACC-0000785,CUST-000426,SAFEKEEPING,USD,NYSE,US,2024-09-07,ACTIVE,MEDIUM,Y,OPS_SENSITIVE,2025-05-28
ACC-0000786,CUST-000344,SAFEKEEPING,GBP,LSE,GB,2023-02-04,ACTIVE,LOW,Y,OPS_STANDARD,2025-01-29
ACC-0000787,CUST-000412,SEGREGATED,USD,NYSE,US,2022-01-20,ACTIVE,LOW,Y,OPS_SENSITIVE,2026-03-03
ACC-0000788,CUST-000320,SAFEKEEPING,CAD,TSX,CA,2023-01-15,ACTIVE,MEDIUM,Y,OPS_STANDARD,2025-09-15
ACC-0000789,CUST-000284,SEGREGATED,USD,NYSE,US,2019-05-13,ACTIVE,LOW,Y,OPS_STANDARD,2025-06-03
ACC-0000790,CUST-000101,SEGREGATED,EUR,XETRA,DE,2025-01-23,ACTIVE,MEDIUM,Y,OPS_STANDARD,2025-06-27
ACC-0000791,CUST-000397,SEGREGATED,USD,NASDAQ,US,2021-11-07,ACTIVE,LOW,Y,OPS_STANDARD,2025-05-29
ACC-0000792,CUST-000376,OMNIBUS,USD,NYSE,US,2024-06-21,ACTIVE,LOW,Y,OPS_STANDARD,2025-04-06
ACC-0000793,CUST-000090,SAFEKEEPING,USD,NASDAQ,US,2025-10-08,ACTIVE,HIGH,Y,OPS_STANDARD,2025-12-08
ACC-0000794,CUST-000055,OMNIBUS,CAD,TSX,CA,2025-06-04,CLOSED,MEDIUM,Y,OPS_STANDARD,2025-10-14
ACC-0000795,CUST-000243,PLEDGE,AUD,ASX,AU,2023-10-06,ACTIVE,LOW,Y,OPS_STANDARD,2025-02-01
ACC-0000796,CUST-000275,SAFEKEEPING,USD,NYSE,US,2024-07-07,ACTIVE,LOW,Y,OPS_STANDARD,2026-01-21
ACC-0000797,CUST-000253,PLEDGE,USD,NYSE,US,2023-12-27,ACTIVE,LOW,Y,OPS_STANDARD,2025-02-17
ACC-0000798,CUST-000123,OMNIBUS,USD,NASDAQ,US,2026-05-22,RESTRICTED,MEDIUM,Y,OPS_STANDARD,2026-02-10
ACC-0000799,CUST-000146,PLEDGE,USD,NASDAQ,US,2022-08-23,ACTIVE,LOW,Y,OPS_SENSITIVE,2025-03-12
ACC-0000800,CUST-000357,SEGREGATED,USD,NASDAQ,US,2021-12-13,ACTIVE,LOW,Y,OPS_STANDARD,2026-05-28
ACC-0000801,CUST-000032,CASH,USD,NYSE,US,2019-05-05,ACTIVE,LOW,Y,OPS_STANDARD,2025-02-05
ACC-0000802,CUST-000036,OMNIBUS,CAD,TSX,CA,2024-10-04,ACTIVE,HIGH,Y,OPS_STANDARD,2025-08-14
ACC-0000803,CUST-000268,PLEDGE,USD,NASDAQ,US,2025-04-20,CLOSED,MEDIUM,Y,OPS_SENSITIVE,2025-05-25
ACC-0000804,CUST-000173,PLEDGE,USD,NASDAQ,US,2026-01-22,RESTRICTED,LOW,Y,OPS_STANDARD,2025-09-05
ACC-0000805,CUST-000038,SEGREGATED,USD,NASDAQ,US,2026-03-28,ACTIVE,LOW,Y,OPS_SENSITIVE,2025-11-05
ACC-0000806,CUST-000410,CASH,USD,NASDAQ,US,2026-03-20,ACTIVE,HIGH,Y,OPS_STANDARD,2025-09-02
ACC-0000807,CUST-000446,OMNIBUS,USD,NASDAQ,US,2023-07-14,ACTIVE,LOW,Y,OPS_STANDARD,2025-01-21
ACC-0000808,CUST-000085,OMNIBUS,EUR,XETRA,DE,2026-04-18,ACTIVE,MEDIUM,Y,OPS_STANDARD,2026-06-23
ACC-0000809,CUST-000244,SAFEKEEPING,CAD,TSX,CA,2025-07-20,CLOSED,LOW,Y,OPS_STANDARD,2025-03-10
ACC-0000810,CUST-000453,SAFEKEEPING,EUR,XETRA,DE,2017-03-17,RESTRICTED,LOW,Y,OPS_STANDARD,2025-07-27
ACC-0000811,CUST-000085,CASH,EUR,XETRA,DE,2023-04-20,ACTIVE,MEDIUM,Y,OPS_STANDARD,2025-10-23
ACC-0000812,CUST-000279,SAFEKEEPING,EUR,EURONEXT,FR,2017-11-08,ACTIVE,MEDIUM,Y,OPS_SENSITIVE,2025-07-13
ACC-0000813,CUST-000153,SAFEKEEPING,EUR,XETRA,DE,2026-01-13,ACTIVE,LOW,Y,OPS_STANDARD,2026-06-20
ACC-0000814,CUST-000121,SEGREGATED,GBP,LSE,GB,2023-06-22,ACTIVE,MEDIUM,Y,OPS_STANDARD,2025-03-20
ACC-0000815,CUST-000154,OMNIBUS,USD,NASDAQ,US,2021-07-07,ACTIVE,LOW,Y,OPS_STANDARD,2025-05-23
ACC-0000816,CUST-000209,SEGREGATED,EUR,EURONEXT,FR,2021-12-23,ACTIVE,LOW,Y,OPS_STANDARD,2025-05-02
ACC-0000817,CUST-000489,SAFEKEEPING,AUD,ASX,AU,2025-09-10,ACTIVE,LOW,Y,OPS_SENSITIVE,2025-02-25
ACC-0000818,CUST-000425,OMNIBUS,USD,NYSE,US,2020-07-11,ACTIVE,LOW,Y,OPS_STANDARD,2025-06-28
ACC-0000819,CUST-000221,SEGREGATED,SGD,SGX,SG,2025-09-30,ACTIVE,LOW,Y,OPS_SENSITIVE,2026-03-18
ACC-0000820,CUST-000209,OMNIBUS,EUR,EURONEXT,FR,2019-10-14,ACTIVE,LOW,Y,OPS_STANDARD,2025-01-31
ACC-0000821,CUST-000368,CASH,USD,NASDAQ,US,2023-05-25,ACTIVE,HIGH,Y,OPS_STANDARD,2025-08-06
ACC-0000822,CUST-000439,SEGREGATED,CAD,TSX,CA,2025-12-19,ACTIVE,MEDIUM,Y,OPS_STANDARD,2025-08-03
ACC-0000823,CUST-000227,SEGREGATED,AUD,ASX,AU,2022-10-25,DORMANT,MEDIUM,Y,OPS_RESTRICTED,2025-01-06
ACC-0000824,CUST-000003,SEGREGATED,USD,NYSE,US,2026-02-27,ACTIVE,LOW,Y,OPS_SENSITIVE,2026-04-16
ACC-0000825,CUST-000412,CASH,USD,NYSE,US,2025-07-11,DORMANT,LOW,Y,OPS_STANDARD,2025-07-15
ACC-0000826,CUST-000337,SAFEKEEPING,USD,NYSE,US,2026-05-29,ACTIVE,HIGH,Y,OPS_STANDARD,2026-03-13
ACC-0000827,CUST-000465,SEGREGATED,USD,NYSE,US,2021-05-23,ACTIVE,HIGH,Y,OPS_STANDARD,2025-11-07
ACC-0000828,CUST-000279,OMNIBUS,EUR,EURONEXT,FR,2021-07-16,ACTIVE,MEDIUM,Y,OPS_STANDARD,2025-12-07
ACC-0000829,CUST-000493,OMNIBUS,USD,NASDAQ,US,2022-06-22,ACTIVE,LOW,Y,OPS_STANDARD,2026-06-01
ACC-0000830,CUST-000074,OMNIBUS,CAD,TSX,CA,2021-11-10,ACTIVE,LOW,Y,OPS_STANDARD,2025-07-24
ACC-0000831,CUST-000103,CASH,USD,NYSE,US,2023-06-11,RESTRICTED,MEDIUM,Y,OPS_STANDARD,2025-10-08
ACC-0000832,CUST-000176,OMNIBUS,USD,NASDAQ,US,2025-06-18,ACTIVE,MEDIUM,Y,OPS_STANDARD,2026-03-15
ACC-0000833,CUST-000295,OMNIBUS,EUR,XETRA,DE,2024-12-22,ACTIVE,HIGH,Y,OPS_STANDARD,2025-12-27
ACC-0000834,CUST-000477,SAFEKEEPING,USD,NYSE,US,2025-10-24,ACTIVE,LOW,Y,OPS_STANDARD,2025-10-28
ACC-0000835,CUST-000406,PLEDGE,CAD,TSX,CA,2023-11-08,ACTIVE,MEDIUM,Y,OPS_STANDARD,2025-12-12
ACC-0000836,CUST-000311,SAFEKEEPING,USD,NYSE,US,2021-01-20,ACTIVE,MEDIUM,Y,OPS_STANDARD,2025-08-17
ACC-0000837,CUST-000114,OMNIBUS,CAD,TSX,CA,2025-12-12,ACTIVE,LOW,Y,OPS_STANDARD,2025-05-13
ACC-0000838,CUST-000267,OMNIBUS,EUR,XETRA,DE,2024-02-26,RESTRICTED,LOW,Y,OPS_STANDARD,2025-07-28
ACC-0000839,CUST-000014,PLEDGE,USD,NASDAQ,US,2022-03-17,ACTIVE,LOW,Y,OPS_SENSITIVE,2025-04-09
ACC-0000840,CUST-000103,PLEDGE,USD,NYSE,US,2025-05-20,RESTRICTED,MEDIUM,Y,OPS_STANDARD,2026-03-16
ACC-0000841,CUST-000143,OMNIBUS,USD,NASDAQ,US,2024-02-23,ACTIVE,LOW,Y,OPS_SENSITIVE,2025-05-13
ACC-0000842,CUST-000425,CASH,USD,NASDAQ,US,2023-11-29,ACTIVE,LOW,Y,OPS_STANDARD,2025-07-15
ACC-0000843,CUST-000090,SEGREGATED,USD,NYSE,US,2024-02-17,ACTIVE,HIGH,Y,OPS_STANDARD,2025-08-02
ACC-0000844,CUST-000210,OMNIBUS,USD,NYSE,US,2025-12-11,ACTIVE,MEDIUM,Y,OPS_STANDARD,2026-02-12
ACC-0000845,CUST-000395,OMNIBUS,EUR,XETRA,DE,2023-12-28,ACTIVE,LOW,Y,OPS_SENSITIVE,2025-09-20
ACC-0000846,CUST-000095,SEGREGATED,GBP,LSE,GB,2019-04-21,ACTIVE,LOW,Y,OPS_SENSITIVE,2025-12-12
ACC-0000847,CUST-000096,OMNIBUS,USD,NYSE,US,2024-07-30,ACTIVE,LOW,Y,OPS_STANDARD,2026-05-25
ACC-0000848,CUST-000358,CASH,USD,NYSE,US,2024-04-18,ACTIVE,LOW,Y,OPS_STANDARD,2025-04-04
ACC-0000849,CUST-000489,SEGREGATED,AUD,ASX,AU,2026-03-26,ACTIVE,LOW,Y,OPS_SENSITIVE,2026-04-04
ACC-0000850,CUST-000337,CASH,USD,NYSE,US,2025-12-07,ACTIVE,HIGH,Y,OPS_STANDARD,2025-05-15
ACC-0000851,CUST-000134,PLEDGE,JPY,TSE,JP,2019-08-04,CLOSED,HIGH,Y,OPS_STANDARD,2025-02-11
ACC-0000852,CUST-000463,SEGREGATED,USD,NASDAQ,US,2025-04-29,ACTIVE,MEDIUM,Y,OPS_STANDARD,2025-01-17
ACC-0000853,CUST-000103,PLEDGE,USD,NASDAQ,US,2024-10-28,ACTIVE,MEDIUM,Y,OPS_STANDARD,2025-10-02
ACC-0000854,CUST-000463,SEGREGATED,USD,NASDAQ,US,2019-11-19,ACTIVE,MEDIUM,Y,OPS_SENSITIVE,2025-09-10
ACC-0000855,CUST-000123,CASH,USD,NASDAQ,US,2025-06-29,ACTIVE,MEDIUM,Y,OPS_STANDARD,2025-02-12
ACC-0000856,CUST-000349,OMNIBUS,USD,NYSE,US,2020-06-08,ACTIVE,MEDIUM,Y,OPS_STANDARD,2026-02-26
ACC-0000857,CUST-000252,CASH,USD,NYSE,US,2026-03-19,DORMANT,MEDIUM,Y,OPS_STANDARD,2025-01-02
ACC-0000858,CUST-000500,PLEDGE,SGD,SGX,SG,2024-06-06,ACTIVE,MEDIUM,Y,OPS_STANDARD,2026-04-30
ACC-0000859,CUST-000370,OMNIBUS,CAD,TSX,CA,2025-04-23,ACTIVE,MEDIUM,Y,OPS_STANDARD,2025-02-06
ACC-0000860,CUST-000479,PLEDGE,USD,NASDAQ,US,2023-02-09,ACTIVE,LOW,Y,OPS_STANDARD,2026-01-05
ACC-0000861,CUST-000376,SEGREGATED,USD,NYSE,US,2021-07-02,ACTIVE,LOW,Y,OPS_STANDARD,2025-08-07
ACC-0000862,CUST-000242,SAFEKEEPING,USD,NYSE,US,2025-09-16,ACTIVE,LOW,Y,OPS_STANDARD,2025-06-18
ACC-0000863,CUST-000374,SEGREGATED,USD,NYSE,US,2023-04-21,ACTIVE,LOW,Y,OPS_STANDARD,2026-03-04
ACC-0000864,CUST-000091,CASH,USD,NYSE,US,2026-04-22,ACTIVE,MEDIUM,Y,OPS_STANDARD,2025-02-14
ACC-0000865,CUST-000360,SAFEKEEPING,AUD,ASX,AU,2022-07-01,DORMANT,HIGH,Y,OPS_SENSITIVE,2025-04-10
ACC-0000866,CUST-000035,SAFEKEEPING,AUD,ASX,AU,2025-08-27,ACTIVE,LOW,Y,OPS_STANDARD,2025-08-17
ACC-0000867,CUST-000086,PLEDGE,CAD,TSX,CA,2023-11-07,ACTIVE,LOW,Y,OPS_STANDARD,2025-05-01
ACC-0000868,CUST-000233,CASH,USD,NYSE,US,2023-04-23,ACTIVE,LOW,Y,OPS_STANDARD,2025-04-03
ACC-0000869,CUST-000296,SEGREGATED,USD,NASDAQ,US,2019-08-06,ACTIVE,MEDIUM,Y,OPS_STANDARD,2026-01-12
ACC-0000870,CUST-000108,CASH,JPY,TSE,JP,2026-04-12,ACTIVE,MEDIUM,Y,OPS_STANDARD,2025-06-27
ACC-0000871,CUST-000401,CASH,USD,NYSE,US,2024-09-16,ACTIVE,MEDIUM,Y,OPS_STANDARD,2025-11-11
ACC-0000872,CUST-000466,SAFEKEEPING,GBP,LSE,GB,2024-06-10,ACTIVE,LOW,Y,OPS_STANDARD,2026-01-09
ACC-0000873,CUST-000430,OMNIBUS,CAD,TSX,CA,2021-06-13,ACTIVE,HIGH,Y,OPS_SENSITIVE,2026-04-25
ACC-0000874,CUST-000240,SAFEKEEPING,USD,NYSE,US,2026-05-23,ACTIVE,MEDIUM,Y,OPS_STANDARD,2025-05-12
ACC-0000875,CUST-000438,SAFEKEEPING,AUD,ASX,AU,2023-07-24,ACTIVE,LOW,Y,OPS_SENSITIVE,2026-03-27
ACC-0000876,CUST-000075,PLEDGE,GBP,LSE,GB,2020-08-26,ACTIVE,MEDIUM,Y,OPS_STANDARD,2026-05-13
ACC-0000877,CUST-000183,OMNIBUS,EUR,EURONEXT,FR,2024-08-07,DORMANT,LOW,Y,OPS_SENSITIVE,2026-04-20
ACC-0000878,CUST-000308,SEGREGATED,USD,NASDAQ,US,2024-06-07,ACTIVE,HIGH,Y,OPS_STANDARD,2025-02-11
ACC-0000879,CUST-000096,SEGREGATED,USD,NASDAQ,US,2023-11-03,CLOSED,LOW,Y,OPS_SENSITIVE,2025-12-26
ACC-0000880,CUST-000217,PLEDGE,CAD,TSX,CA,2025-06-12,ACTIVE,MEDIUM,Y,OPS_SENSITIVE,2025-02-01
ACC-0000881,CUST-000271,SEGREGATED,JPY,TSE,JP,2019-09-30,ACTIVE,LOW,Y,OPS_STANDARD,2025-03-21
ACC-0000882,CUST-000140,CASH,USD,NASDAQ,US,2021-06-25,ACTIVE,LOW,Y,OPS_STANDARD,2025-05-07
ACC-0000883,CUST-000202,OMNIBUS,SGD,SGX,SG,2026-01-30,ACTIVE,LOW,Y,OPS_STANDARD,2025-11-24
ACC-0000884,CUST-000218,CASH,USD,NASDAQ,US,2026-04-13,ACTIVE,MEDIUM,Y,OPS_SENSITIVE,2025-01-25
ACC-0000885,CUST-000303,PLEDGE,SGD,SGX,SG,2024-08-16,ACTIVE,MEDIUM,Y,OPS_STANDARD,2025-05-02
ACC-0000886,CUST-000052,CASH,CAD,TSX,CA,2025-08-21,ACTIVE,LOW,Y,OPS_STANDARD,2025-09-18
ACC-0000887,CUST-000257,CASH,USD,NASDAQ,US,2026-02-07,ACTIVE,LOW,Y,OPS_STANDARD,2025-10-10
ACC-0000888,CUST-000362,SEGREGATED,USD,NASDAQ,US,2018-01-13,ACTIVE,MEDIUM,Y,OPS_STANDARD,2025-06-09
ACC-0000889,CUST-000473,SEGREGATED,GBP,LSE,GB,2024-11-16,ACTIVE,MEDIUM,Y,OPS_STANDARD,2025-11-30
ACC-0000890,CUST-000087,SEGREGATED,EUR,XETRA,DE,2020-05-26,ACTIVE,MEDIUM,Y,OPS_SENSITIVE,2025-08-12
ACC-0000891,CUST-000296,SEGREGATED,USD,NASDAQ,US,2019-11-03,ACTIVE,MEDIUM,Y,OPS_STANDARD,2026-05-11
ACC-0000892,CUST-000334,SAFEKEEPING,GBP,LSE,GB,2020-02-20,ACTIVE,LOW,Y,OPS_STANDARD,2026-04-23
ACC-0000893,CUST-000359,PLEDGE,USD,NYSE,US,2025-03-20,ACTIVE,LOW,Y,OPS_STANDARD,2026-04-08
ACC-0000894,CUST-000148,OMNIBUS,USD,NASDAQ,US,2026-03-10,ACTIVE,MEDIUM,Y,OPS_STANDARD,2026-01-16
ACC-0000895,CUST-000121,OMNIBUS,GBP,LSE,GB,2019-12-20,DORMANT,MEDIUM,Y,OPS_SENSITIVE,2025-07-25
ACC-0000896,CUST-000215,SEGREGATED,CAD,TSX,CA,2021-11-04,ACTIVE,MEDIUM,Y,OPS_STANDARD,2025-03-26
ACC-0000897,CUST-000473,OMNIBUS,GBP,LSE,GB,2023-11-07,ACTIVE,MEDIUM,Y,OPS_STANDARD,2025-02-10
ACC-0000898,CUST-000356,OMNIBUS,GBP,LSE,GB,2020-07-02,ACTIVE,MEDIUM,Y,OPS_STANDARD,2025-12-24
ACC-0000899,CUST-000500,SAFEKEEPING,SGD,SGX,SG,2025-05-06,ACTIVE,MEDIUM,Y,OPS_STANDARD,2025-12-19
ACC-0000900,CUST-000099,OMNIBUS,GBP,LSE,GB,2024-11-09,ACTIVE,MEDIUM,Y,OPS_SENSITIVE,2026-03-25
ACC-0000901,CUST-000411,SEGREGATED,USD,NASDAQ,US,2022-09-22,DORMANT,LOW,Y,OPS_STANDARD,2025-12-18
ACC-0000902,CUST-000483,OMNIBUS,USD,NYSE,US,2025-04-27,ACTIVE,MEDIUM,Y,OPS_STANDARD,2025-05-15
ACC-0000903,CUST-000494,SAFEKEEPING,USD,NYSE,US,2025-11-04,ACTIVE,LOW,Y,OPS_STANDARD,2026-06-23
ACC-0000904,CUST-000167,CASH,GBP,LSE,GB,2019-04-15,ACTIVE,LOW,Y,OPS_STANDARD,2026-02-13
ACC-0000905,CUST-000107,SAFEKEEPING,JPY,TSE,JP,2020-04-03,ACTIVE,LOW,Y,OPS_STANDARD,2025-10-07
ACC-0000906,CUST-000015,SAFEKEEPING,USD,NYSE,US,2026-01-17,ACTIVE,MEDIUM,Y,OPS_STANDARD,2025-05-22
ACC-0000907,CUST-000339,CASH,JPY,TSE,JP,2018-01-20,ACTIVE,MEDIUM,Y,OPS_STANDARD,2026-01-03
ACC-0000908,CUST-000322,SEGREGATED,GBP,LSE,GB,2026-02-16,ACTIVE,MEDIUM,Y,OPS_STANDARD,2025-03-25
ACC-0000909,CUST-000194,CASH,SGD,SGX,SG,2025-12-29,ACTIVE,MEDIUM,Y,OPS_RESTRICTED,2025-08-13
ACC-0000910,CUST-000444,SAFEKEEPING,USD,NYSE,US,2025-05-11,ACTIVE,LOW,Y,OPS_SENSITIVE,2026-03-17
ACC-0000911,CUST-000101,SAFEKEEPING,EUR,XETRA,DE,2024-12-18,ACTIVE,MEDIUM,Y,OPS_SENSITIVE,2025-06-04
ACC-0000912,CUST-000032,SAFEKEEPING,USD,NASDAQ,US,2026-02-04,ACTIVE,LOW,Y,OPS_STANDARD,2025-04-21
ACC-0000913,CUST-000492,SEGREGATED,USD,NYSE,US,2024-03-14,ACTIVE,MEDIUM,Y,OPS_STANDARD,2025-12-30
ACC-0000914,CUST-000270,SEGREGATED,USD,NYSE,US,2022-03-08,ACTIVE,LOW,Y,OPS_STANDARD,2025-07-17
ACC-0000915,CUST-000187,PLEDGE,USD,NASDAQ,US,2026-01-04,ACTIVE,MEDIUM,Y,OPS_SENSITIVE,2025-10-01
ACC-0000916,CUST-000280,CASH,USD,NYSE,US,2025-11-25,ACTIVE,LOW,Y,OPS_STANDARD,2025-12-02
ACC-0000917,CUST-000135,SAFEKEEPING,USD,NYSE,US,2023-04-15,ACTIVE,LOW,Y,OPS_STANDARD,2025-07-31
ACC-0000918,CUST-000428,PLEDGE,EUR,XETRA,DE,2021-01-10,ACTIVE,HIGH,Y,OPS_STANDARD,2026-04-08
ACC-0000919,CUST-000413,OMNIBUS,JPY,TSE,JP,2019-02-10,ACTIVE,LOW,Y,OPS_STANDARD,2025-07-22
ACC-0000920,CUST-000088,SEGREGATED,AUD,ASX,AU,2023-04-26,ACTIVE,MEDIUM,Y,OPS_SENSITIVE,2026-02-08
ACC-0000921,CUST-000288,OMNIBUS,GBP,LSE,GB,2024-12-08,ACTIVE,MEDIUM,Y,OPS_STANDARD,2026-05-15
ACC-0000922,CUST-000256,OMNIBUS,CAD,TSX,CA,2019-06-13,ACTIVE,MEDIUM,Y,OPS_STANDARD,2025-07-14
ACC-0000923,CUST-000039,SAFEKEEPING,USD,NYSE,US,2026-05-17,ACTIVE,LOW,Y,OPS_STANDARD,2026-06-05
ACC-0000924,CUST-000199,OMNIBUS,EUR,EURONEXT,FR,2025-02-06,ACTIVE,LOW,Y,OPS_STANDARD,2025-03-08
ACC-0000925,CUST-000206,SEGREGATED,GBP,LSE,GB,2020-03-30,ACTIVE,MEDIUM,Y,OPS_STANDARD,2026-04-15
ACC-0000926,CUST-000122,PLEDGE,SGD,SGX,SG,2025-11-07,ACTIVE,LOW,Y,OPS_RESTRICTED,2025-07-19
ACC-0000927,CUST-000483,PLEDGE,USD,NYSE,US,2025-08-03,ACTIVE,MEDIUM,Y,OPS_STANDARD,2025-12-11
ACC-0000928,CUST-000361,PLEDGE,USD,NYSE,US,2019-12-25,ACTIVE,MEDIUM,Y,OPS_STANDARD,2025-07-25
ACC-0000929,CUST-000292,SAFEKEEPING,USD,NASDAQ,US,2025-08-21,DORMANT,LOW,Y,OPS_STANDARD,2025-07-13
ACC-0000930,CUST-000060,SAFEKEEPING,GBP,LSE,GB,2025-06-06,ACTIVE,HIGH,Y,OPS_STANDARD,2026-03-16
ACC-0000931,CUST-000097,CASH,SGD,SGX,SG,2025-05-15,ACTIVE,LOW,Y,OPS_STANDARD,2025-02-02
ACC-0000932,CUST-000490,OMNIBUS,USD,NASDAQ,US,2026-04-29,ACTIVE,LOW,Y,OPS_STANDARD,2025-10-23
ACC-0000933,CUST-000458,SEGREGATED,USD,NASDAQ,US,2022-04-08,ACTIVE,LOW,Y,OPS_STANDARD,2025-06-09
ACC-0000934,CUST-000461,PLEDGE,USD,NASDAQ,US,2019-08-25,ACTIVE,LOW,Y,OPS_STANDARD,2025-12-09
ACC-0000935,CUST-000415,PLEDGE,EUR,XETRA,DE,2022-09-28,ACTIVE,MEDIUM,Y,OPS_STANDARD,2025-03-08
ACC-0000936,CUST-000075,CASH,GBP,LSE,GB,2018-12-05,ACTIVE,MEDIUM,Y,OPS_SENSITIVE,2025-08-15
ACC-0000937,CUST-000104,SEGREGATED,CAD,TSX,CA,2023-05-23,ACTIVE,LOW,Y,OPS_SENSITIVE,2025-09-28
ACC-0000938,CUST-000108,SEGREGATED,JPY,TSE,JP,2026-01-28,ACTIVE,MEDIUM,Y,OPS_STANDARD,2026-04-04
ACC-0000939,CUST-000437,SAFEKEEPING,USD,NASDAQ,US,2025-10-26,ACTIVE,MEDIUM,Y,OPS_STANDARD,2025-12-26
ACC-0000940,CUST-000345,CASH,USD,NASDAQ,US,2025-12-15,RESTRICTED,MEDIUM,Y,OPS_STANDARD,2025-06-02
ACC-0000941,CUST-000135,OMNIBUS,USD,NASDAQ,US,2023-03-24,ACTIVE,LOW,Y,OPS_STANDARD,2025-09-29
ACC-0000942,CUST-000298,PLEDGE,USD,NASDAQ,US,2022-12-26,ACTIVE,MEDIUM,Y,OPS_SENSITIVE,2025-01-04
ACC-0000943,CUST-000374,CASH,USD,NASDAQ,US,2025-02-09,ACTIVE,LOW,Y,OPS_STANDARD,2025-11-09
ACC-0000944,CUST-000443,SAFEKEEPING,SGD,SGX,SG,2025-07-21,ACTIVE,LOW,Y,OPS_STANDARD,2025-12-13
ACC-0000945,CUST-000101,OMNIBUS,EUR,XETRA,DE,2024-03-07,RESTRICTED,MEDIUM,Y,OPS_STANDARD,2026-06-07
ACC-0000946,CUST-000499,SAFEKEEPING,USD,NASDAQ,US,2025-05-06,ACTIVE,LOW,Y,OPS_STANDARD,2026-05-05
ACC-0000947,CUST-000428,SEGREGATED,EUR,XETRA,DE,2025-03-11,ACTIVE,HIGH,Y,OPS_STANDARD,2026-06-15
ACC-0000948,CUST-000082,OMNIBUS,EUR,XETRA,DE,2021-02-03,ACTIVE,MEDIUM,Y,OPS_STANDARD,2026-04-08
ACC-0000949,CUST-000105,SEGREGATED,CAD,TSX,CA,2018-10-13,ACTIVE,MEDIUM,Y,OPS_SENSITIVE,2026-06-09
ACC-0000950,CUST-000406,PLEDGE,CAD,TSX,CA,2022-04-01,ACTIVE,MEDIUM,Y,OPS_STANDARD,2026-01-15
ACC-0000951,CUST-000026,CASH,USD,NASDAQ,US,2019-03-31,ACTIVE,LOW,Y,OPS_STANDARD,2026-04-14
ACC-0000952,CUST-000067,SAFEKEEPING,SGD,SGX,SG,2021-11-25,ACTIVE,HIGH,Y,OPS_STANDARD,2025-08-28
ACC-0000953,CUST-000455,PLEDGE,USD,NYSE,US,2022-01-21,ACTIVE,HIGH,Y,OPS_STANDARD,2026-05-17
ACC-0000954,CUST-000181,OMNIBUS,CAD,TSX,CA,2024-08-02,ACTIVE,MEDIUM,Y,OPS_STANDARD,2025-04-01
ACC-0000955,CUST-000254,SEGREGATED,CAD,TSX,CA,2025-01-09,ACTIVE,MEDIUM,Y,OPS_STANDARD,2025-02-27
ACC-0000956,CUST-000465,CASH,USD,NYSE,US,2022-07-02,RESTRICTED,HIGH,Y,OPS_STANDARD,2025-06-29
ACC-0000957,CUST-000460,OMNIBUS,USD,NYSE,US,2025-04-01,ACTIVE,MEDIUM,Y,OPS_STANDARD,2026-03-04
ACC-0000958,CUST-000200,PLEDGE,EUR,XETRA,DE,2019-11-06,ACTIVE,LOW,Y,OPS_SENSITIVE,2026-04-10
ACC-0000959,CUST-000102,CASH,EUR,EURONEXT,FR,2025-02-27,ACTIVE,LOW,Y,OPS_STANDARD,2025-04-16
ACC-0000960,CUST-000177,CASH,AUD,ASX,AU,2023-11-20,ACTIVE,LOW,Y,OPS_STANDARD,2025-10-05
ACC-0000961,CUST-000439,OMNIBUS,CAD,TSX,CA,2026-02-08,ACTIVE,MEDIUM,Y,OPS_STANDARD,2025-03-17
ACC-0000962,CUST-000029,CASH,USD,NYSE,US,2023-10-01,RESTRICTED,LOW,Y,OPS_STANDARD,2025-04-13
ACC-0000963,CUST-000211,SEGREGATED,EUR,XETRA,DE,2024-06-15,ACTIVE,LOW,Y,OPS_STANDARD,2025-12-24
ACC-0000964,CUST-000355,SEGREGATED,CAD,TSX,CA,2026-04-03,ACTIVE,MEDIUM,Y,OPS_STANDARD,2025-06-26
ACC-0000965,CUST-000472,SEGREGATED,GBP,LSE,GB,2024-04-01,ACTIVE,MEDIUM,Y,OPS_SENSITIVE,2026-04-08
ACC-0000966,CUST-000498,SAFEKEEPING,USD,NASDAQ,US,2023-09-30,ACTIVE,LOW,Y,OPS_STANDARD,2025-05-13
ACC-0000967,CUST-000284,CASH,USD,NYSE,US,2023-02-09,CLOSED,LOW,Y,OPS_SENSITIVE,2025-04-21
ACC-0000968,CUST-000272,SEGREGATED,EUR,XETRA,DE,2022-01-11,ACTIVE,LOW,Y,OPS_STANDARD,2025-09-26
ACC-0000969,CUST-000447,SAFEKEEPING,USD,NYSE,US,2026-01-22,ACTIVE,LOW,Y,OPS_STANDARD,2025-09-14
ACC-0000970,CUST-000070,PLEDGE,USD,NASDAQ,US,2025-04-24,ACTIVE,LOW,Y,OPS_STANDARD,2025-02-01
ACC-0000971,CUST-000078,SAFEKEEPING,GBP,LSE,GB,2019-01-16,ACTIVE,LOW,Y,OPS_STANDARD,2025-11-30
ACC-0000972,CUST-000373,CASH,EUR,XETRA,DE,2026-04-25,ACTIVE,LOW,Y,OPS_SENSITIVE,2025-02-06
ACC-0000973,CUST-000290,SAFEKEEPING,CAD,TSX,CA,2024-10-14,ACTIVE,LOW,Y,OPS_STANDARD,2025-01-09
ACC-0000974,CUST-000374,OMNIBUS,USD,NASDAQ,US,2024-02-18,ACTIVE,LOW,Y,OPS_STANDARD,2025-10-04
ACC-0000975,CUST-000362,PLEDGE,USD,NYSE,US,2022-12-03,ACTIVE,MEDIUM,Y,OPS_STANDARD,2025-04-24
ACC-0000976,CUST-000370,SAFEKEEPING,CAD,TSX,CA,2022-02-08,ACTIVE,MEDIUM,Y,OPS_STANDARD,2026-05-05
ACC-0000977,CUST-000203,PLEDGE,AUD,ASX,AU,2026-05-30,ACTIVE,MEDIUM,Y,OPS_STANDARD,2025-11-04
ACC-0000978,CUST-000292,CASH,USD,NASDAQ,US,2025-04-16,ACTIVE,LOW,Y,OPS_STANDARD,2026-02-24
ACC-0000979,CUST-000281,OMNIBUS,GBP,LSE,GB,2026-04-09,ACTIVE,LOW,Y,OPS_STANDARD,2025-08-14
ACC-0000980,CUST-000229,PLEDGE,SGD,SGX,SG,2023-12-04,DORMANT,MEDIUM,Y,OPS_STANDARD,2025-05-05
ACC-0000981,CUST-000140,SAFEKEEPING,USD,NYSE,US,2019-11-30,ACTIVE,LOW,Y,OPS_STANDARD,2025-09-05
ACC-0000982,CUST-000380,PLEDGE,USD,NYSE,US,2026-02-14,ACTIVE,LOW,Y,OPS_SENSITIVE,2025-02-28
ACC-0000983,CUST-000434,SAFEKEEPING,USD,NYSE,US,2026-05-07,ACTIVE,LOW,Y,OPS_STANDARD,2025-08-27
ACC-0000984,CUST-000454,PLEDGE,USD,NASDAQ,US,2026-03-11,ACTIVE,LOW,Y,OPS_STANDARD,2025-04-09
ACC-0000985,CUST-000284,SAFEKEEPING,USD,NASDAQ,US,2026-05-26,ACTIVE,LOW,Y,OPS_STANDARD,2025-12-24
ACC-0000986,CUST-000203,CASH,AUD,ASX,AU,2023-04-25,ACTIVE,MEDIUM,Y,OPS_STANDARD,2025-08-06
ACC-0000987,CUST-000438,CASH,AUD,ASX,AU,2026-04-16,ACTIVE,LOW,Y,OPS_STANDARD,2025-04-22
ACC-0000988,CUST-000034,PLEDGE,USD,NASDAQ,US,2024-06-20,ACTIVE,LOW,Y,OPS_STANDARD,2025-11-27
ACC-0000989,CUST-000032,CASH,USD,NASDAQ,US,2025-04-08,ACTIVE,LOW,Y,OPS_STANDARD,2025-11-29
ACC-0000990,CUST-000203,PLEDGE,AUD,ASX,AU,2023-07-26,ACTIVE,MEDIUM,Y,OPS_STANDARD,2025-05-19
ACC-0000991,CUST-000141,OMNIBUS,USD,NYSE,US,2018-12-14,RESTRICTED,MEDIUM,Y,OPS_STANDARD,2025-07-13
ACC-0000992,CUST-000224,SAFEKEEPING,USD,NYSE,US,2020-07-19,ACTIVE,LOW,Y,OPS_STANDARD,2025-02-10
ACC-0000993,CUST-000351,PLEDGE,USD,NASDAQ,US,2021-11-02,ACTIVE,LOW,Y,OPS_STANDARD,2025-07-28
ACC-0000994,CUST-000359,OMNIBUS,USD,NYSE,US,2024-09-30,ACTIVE,LOW,Y,OPS_SENSITIVE,2025-04-04
ACC-0000995,CUST-000303,CASH,SGD,SGX,SG,2025-05-16,ACTIVE,MEDIUM,Y,OPS_STANDARD,2025-12-13
ACC-0000996,CUST-000332,PLEDGE,EUR,XETRA,DE,2024-08-09,ACTIVE,LOW,Y,OPS_STANDARD,2025-03-08
ACC-0000997,CUST-000073,PLEDGE,SGD,SGX,SG,2018-12-18,ACTIVE,MEDIUM,Y,OPS_STANDARD,2025-06-23
ACC-0000998,CUST-000433,SAFEKEEPING,CAD,TSX,CA,2022-10-09,DORMANT,LOW,Y,OPS_SENSITIVE,2025-09-23
ACC-0000999,CUST-000272,SAFEKEEPING,EUR,XETRA,DE,2024-11-08,ACTIVE,LOW,Y,OPS_STANDARD,2025-09-10
ACC-0001000,CUST-000351,SAFEKEEPING,USD,NASDAQ,US,2022-11-04,RESTRICTED,LOW,Y,OPS_STANDARD,2025-08-03
