customer_id,legal_name,client_type,country_code,region,risk_rating,kyc_status,onboarding_date,primary_contact_name,primary_contact_email,tax_id_masked,data_classification,permitted_business_units,active_flag
CUST-000001,SummitGate Asset Management 001,Asset Manager,AU,APAC,LOW,APPROVED,2025-10-10,Quinn Martin,quinn.martin.1@example.test,***-**-1037,CONFIDENTIAL,CORPORATE_ACTIONS|GLOBAL_CUSTODY|RECONCILIATION|SETTLEMENTS,Y
CUST-000002,Northstar Advisors 002,Institutional,GB,EMEA,MEDIUM,APPROVED,2018-12-24,Parker Patel,parker.patel.2@example.test,***-**-1074,CONFIDENTIAL,CORPORATE_ACTIONS|GLOBAL_CUSTODY,Y
CUST-000003,Ironwood Capital 003,Institutional,US,NA,LOW,APPROVED,2018-12-21,Blake Kim,blake.kim.3@example.test,***-**-1111,CONFIDENTIAL,CORPORATE_ACTIONS|RECONCILIATION|SETTLEMENTS,Y
CUST-000004,Liberty Investments 004,Insurance,US,NA,MEDIUM,APPROVED,2016-07-08,Finley Bennett,finley.bennett.4@example.test,***-**-1148,CONFIDENTIAL,CORPORATE_ACTIONS|SETTLEMENTS,Y
CUST-000005,Atlas Pension Trust 005,Corporate Treasury,US,NA,LOW,APPROVED,2024-04-29,Finley Adams,finley.adams.5@example.test,***-**-1185,CONFIDENTIAL,SETTLEMENTS,Y
CUST-000006,Northstar Pension Trust 006,Pension Fund,SG,APAC,HIGH,APPROVED,2019-06-17,Quinn Foster,quinn.foster.6@example.test,***-**-1222,CONFIDENTIAL,CORPORATE_ACTIONS,Y
CUST-000007,BlueRiver Asset Management 007,Insurance,US,NA,LOW,APPROVED,2016-02-03,Rowan Singh,rowan.singh.7@example.test,***-**-1259,CONFIDENTIAL,CORPORATE_ACTIONS|RECONCILIATION|SETTLEMENTS,Y
CUST-000008,Northstar Holdings 008,Insurance,DE,EMEA,LOW,APPROVED,2019-03-10,Taylor Edwards,taylor.edwards.8@example.test,***-**-1296,CONFIDENTIAL,CORPORATE_ACTIONS|GLOBAL_CUSTODY|RECONCILIATION|SETTLEMENTS,Y
CUST-000009,CedarStone Investments 009,Insurance,US,NA,MEDIUM,APPROVED,2019-11-26,Skyler Carter,skyler.carter.9@example.test,***-**-1333,CONFIDENTIAL,CORPORATE_ACTIONS|GLOBAL_CUSTODY|RECONCILIATION|SETTLEMENTS,Y
CUST-000010,Pioneer Advisors 010,Institutional,AU,APAC,MEDIUM,APPROVED,2018-12-13,Avery Kim,avery.kim.10@example.test,***-**-1370,CONFIDENTIAL,CORPORATE_ACTIONS|GLOBAL_CUSTODY|RECONCILIATION|SETTLEMENTS,Y
CUST-000011,Pioneer Investments 011,Institutional,US,NA,MEDIUM,REVIEW_DUE,2017-10-12,Reese Turner,reese.turner.11@example.test,***-**-1407,CONFIDENTIAL,CORPORATE_ACTIONS|GLOBAL_CUSTODY|RECONCILIATION|SETTLEMENTS,Y
CUST-000012,SilverLake Pension Trust 012,Insurance,GB,EMEA,MEDIUM,APPROVED,2017-12-31,Parker Carter,parker.carter.12@example.test,***-**-1444,CONFIDENTIAL,CORPORATE_ACTIONS|GLOBAL_CUSTODY|RECONCILIATION|SETTLEMENTS,Y
CUST-000013,SummitGate Asset Management 013,Asset Manager,GB,EMEA,LOW,APPROVED,2021-04-14,Cameron Hughes,cameron.hughes.13@example.test,***-**-1481,CONFIDENTIAL,CORPORATE_ACTIONS|GLOBAL_CUSTODY,Y
CUST-000014,Stonebridge Pension Trust 014,Asset Manager,US,NA,LOW,APPROVED,2021-09-23,Riley Nguyen,riley.nguyen.14@example.test,***-**-1518,CONFIDENTIAL,CORPORATE_ACTIONS,Y
CUST-000015,SummitGate Holdings 015,Asset Manager,US,NA,MEDIUM,APPROVED,2025-10-01,Parker Adams,parker.adams.15@example.test,***-**-1555,CONFIDENTIAL,CORPORATE_ACTIONS|GLOBAL_CUSTODY|RECONCILIATION|SETTLEMENTS,Y
CUST-000016,HarborPoint Capital 016,Institutional,US,NA,MEDIUM,APPROVED,2024-05-07,Reese Singh,reese.singh.16@example.test,***-**-1592,CONFIDENTIAL,GLOBAL_CUSTODY|SETTLEMENTS,Y
CUST-000017,Redwood Pension Trust 017,Institutional,FR,EMEA,MEDIUM,ENHANCED_DUE_DILIGENCE,2024-12-19,Quinn Nguyen,quinn.nguyen.17@example.test,***-**-1629,CONFIDENTIAL,CORPORATE_ACTIONS|RECONCILIATION|SETTLEMENTS,Y
CUST-000018,Atlas Capital 018,Pension Fund,FR,EMEA,MEDIUM,APPROVED,2021-04-06,Hayden Reed,hayden.reed.18@example.test,***-**-1666,CONFIDENTIAL,CORPORATE_ACTIONS|GLOBAL_CUSTODY|RECONCILIATION,Y
CUST-000019,Stonebridge Investments 019,Institutional,US,NA,LOW,APPROVED,2021-04-07,Skyler Foster,skyler.foster.19@example.test,***-**-1703,CONFIDENTIAL,SETTLEMENTS,Y
CUST-000020,SummitGate Capital 020,Pension Fund,FR,EMEA,MEDIUM,APPROVED,2019-11-15,Avery Garcia,avery.garcia.20@example.test,***-**-1740,CONFIDENTIAL,CORPORATE_ACTIONS|GLOBAL_CUSTODY|RECONCILIATION,Y
CUST-000021,Orion Capital 021,Pension Fund,US,NA,LOW,ENHANCED_DUE_DILIGENCE,2020-10-03,Rowan Irwin,rowan.irwin.21@example.test,***-**-1777,CONFIDENTIAL,CORPORATE_ACTIONS|GLOBAL_CUSTODY|RECONCILIATION|SETTLEMENTS,Y
CUST-000022,Orion Pension Trust 022,Institutional,GB,EMEA,LOW,REVIEW_DUE,2019-02-18,Emerson Walker,emerson.walker.22@example.test,***-**-1814,CONFIDENTIAL,CORPORATE_ACTIONS|RECONCILIATION|SETTLEMENTS,Y
CUST-000023,Orion Partners 023,Pension Fund,JP,APAC,MEDIUM,APPROVED,2024-10-10,Riley Bennett,riley.bennett.23@example.test,***-**-1851,CONFIDENTIAL,RECONCILIATION|SETTLEMENTS,Y
CUST-000024,Atlas Holdings 024,Institutional,CA,NA,MEDIUM,APPROVED,2021-07-04,Jamie Walker,jamie.walker.24@example.test,***-**-1888,CONFIDENTIAL,CORPORATE_ACTIONS|GLOBAL_CUSTODY|RECONCILIATION|SETTLEMENTS,Y
CUST-000025,Atlas Partners 025,Institutional,US,NA,MEDIUM,APPROVED,2016-10-03,Drew Patel,drew.patel.25@example.test,***-**-1925,CONFIDENTIAL,RECONCILIATION|SETTLEMENTS,Y
CUST-000026,Clearwater Capital 026,Institutional,US,NA,LOW,APPROVED,2018-08-15,Hayden Diaz,hayden.diaz.26@example.test,***-**-1962,CONFIDENTIAL,CORPORATE_ACTIONS|RECONCILIATION,Y
CUST-000027,Stonebridge Asset Management 027,Corporate Treasury,US,NA,MEDIUM,APPROVED,2017-06-06,Reese Johnson,reese.johnson.27@example.test,***-**-1999,CONFIDENTIAL,CORPORATE_ACTIONS|GLOBAL_CUSTODY|RECONCILIATION|SETTLEMENTS,Y
CUST-000028,Redwood Holdings 028,Insurance,US,NA,LOW,APPROVED,2026-02-12,Hayden Nguyen,hayden.nguyen.28@example.test,***-**-2036,CONFIDENTIAL,CORPORATE_ACTIONS|SETTLEMENTS,Y
CUST-000029,Liberty Holdings 029,Corporate Treasury,US,NA,LOW,REVIEW_DUE,2019-10-04,Skyler Singh,skyler.singh.29@example.test,***-**-2073,CONFIDENTIAL,RECONCILIATION,Y
CUST-000030,HarborPoint Holdings 030,Asset Manager,US,NA,HIGH,APPROVED,2016-02-02,Drew Kim,drew.kim.30@example.test,***-**-2110,CONFIDENTIAL,CORPORATE_ACTIONS|RECONCILIATION,Y
CUST-000031,Stonebridge Holdings 031,Institutional,FR,EMEA,LOW,APPROVED,2017-12-08,Casey Hughes,casey.hughes.31@example.test,***-**-2147,CONFIDENTIAL,SETTLEMENTS,Y
CUST-000032,Redwood Holdings 032,Insurance,US,NA,LOW,APPROVED,2016-10-13,Alex Irwin,alex.irwin.32@example.test,***-**-2184,CONFIDENTIAL,GLOBAL_CUSTODY,Y
CUST-000033,Redwood Investments 033,Corporate Treasury,US,NA,LOW,APPROVED,2023-07-11,Quinn Foster,quinn.foster.33@example.test,***-**-2221,CONFIDENTIAL,CORPORATE_ACTIONS|GLOBAL_CUSTODY|SETTLEMENTS,Y
CUST-000034,Liberty Pension Trust 034,Corporate Treasury,US,NA,LOW,APPROVED,2024-02-23,Alex Turner,alex.turner.34@example.test,***-**-2258,CONFIDENTIAL,CORPORATE_ACTIONS|GLOBAL_CUSTODY|RECONCILIATION|SETTLEMENTS,Y
CUST-000035,HarborPoint Asset Management 035,Institutional,AU,APAC,LOW,APPROVED,2022-03-19,Reese Patel,reese.patel.35@example.test,***-**-2295,CONFIDENTIAL,GLOBAL_CUSTODY|RECONCILIATION|SETTLEMENTS,Y
CUST-000036,Northstar Holdings 036,Asset Manager,CA,NA,HIGH,APPROVED,2022-04-03,Jordan Owens,jordan.owens.36@example.test,***-**-2332,CONFIDENTIAL,RECONCILIATION,Y
CUST-000037,Redwood Holdings 037,Asset Manager,DE,EMEA,LOW,APPROVED,2024-05-19,Hayden Patel,hayden.patel.37@example.test,***-**-2369,CONFIDENTIAL,CORPORATE_ACTIONS|GLOBAL_CUSTODY|RECONCILIATION|SETTLEMENTS,Y
CUST-000038,Stonebridge Holdings 038,Institutional,US,NA,LOW,REVIEW_DUE,2026-03-12,Morgan Reed,morgan.reed.38@example.test,***-**-2406,CONFIDENTIAL,CORPORATE_ACTIONS|GLOBAL_CUSTODY|RECONCILIATION|SETTLEMENTS,Y
CUST-000039,Atlas Pension Trust 039,Asset Manager,US,NA,LOW,APPROVED,2025-07-30,Cameron Owens,cameron.owens.39@example.test,***-**-2443,CONFIDENTIAL,RECONCILIATION|SETTLEMENTS,Y
CUST-000040,BlueRiver Capital 040,Insurance,GB,EMEA,MEDIUM,APPROVED,2018-03-06,Emerson Adams,emerson.adams.40@example.test,***-**-2480,CONFIDENTIAL,CORPORATE_ACTIONS|GLOBAL_CUSTODY|RECONCILIATION|SETTLEMENTS,Y
CUST-000041,Greenfield Asset Management 041,Institutional,DE,EMEA,LOW,APPROVED,2019-01-22,Blake Foster,blake.foster.41@example.test,***-**-2517,CONFIDENTIAL,CORPORATE_ACTIONS|GLOBAL_CUSTODY|RECONCILIATION|SETTLEMENTS,Y
CUST-000042,CedarStone Capital 042,Pension Fund,US,NA,MEDIUM,APPROVED,2022-05-18,Casey Walker,casey.walker.42@example.test,***-**-2554,CONFIDENTIAL,SETTLEMENTS,Y
CUST-000043,Liberty Holdings 043,Asset Manager,US,NA,LOW,ENHANCED_DUE_DILIGENCE,2019-07-05,Jamie Lewis,jamie.lewis.43@example.test,***-**-2591,CONFIDENTIAL,SETTLEMENTS,Y
CUST-000044,Clearwater Partners 044,Institutional,SG,APAC,MEDIUM,APPROVED,2016-12-18,Jamie Diaz,jamie.diaz.44@example.test,***-**-2628,CONFIDENTIAL,CORPORATE_ACTIONS|GLOBAL_CUSTODY|RECONCILIATION|SETTLEMENTS,Y
CUST-000045,SilverLake Partners 045,Institutional,JP,APAC,MEDIUM,APPROVED,2025-02-28,Emerson Reed,emerson.reed.45@example.test,***-**-2665,CONFIDENTIAL,CORPORATE_ACTIONS|GLOBAL_CUSTODY|RECONCILIATION|SETTLEMENTS,Y
CUST-000046,Ironwood Capital 046,Asset Manager,FR,EMEA,MEDIUM,APPROVED,2024-02-04,Riley Foster,riley.foster.46@example.test,***-**-2702,CONFIDENTIAL,CORPORATE_ACTIONS|GLOBAL_CUSTODY,Y
CUST-000047,Atlas Advisors 047,Institutional,GB,EMEA,LOW,APPROVED,2021-08-15,Avery Patel,avery.patel.47@example.test,***-**-2739,CONFIDENTIAL,GLOBAL_CUSTODY|RECONCILIATION,Y
CUST-000048,CedarStone Asset Management 048,Institutional,US,NA,LOW,APPROVED,2020-05-29,Casey Reed,casey.reed.48@example.test,***-**-2776,CONFIDENTIAL,CORPORATE_ACTIONS|SETTLEMENTS,Y
CUST-000049,SummitGate Holdings 049,Insurance,CA,NA,MEDIUM,APPROVED,2019-01-29,Taylor Johnson,taylor.johnson.49@example.test,***-**-2813,CONFIDENTIAL,CORPORATE_ACTIONS|RECONCILIATION|SETTLEMENTS,Y
CUST-000050,Clearwater Holdings 050,Asset Manager,DE,EMEA,LOW,REVIEW_DUE,2025-02-04,Avery Nguyen,avery.nguyen.50@example.test,***-**-2850,CONFIDENTIAL,RECONCILIATION,Y
CUST-000051,Clearwater Asset Management 051,Institutional,DE,EMEA,LOW,APPROVED,2021-01-31,Jamie Martin,jamie.martin.51@example.test,***-**-2887,CONFIDENTIAL,CORPORATE_ACTIONS|GLOBAL_CUSTODY|RECONCILIATION|SETTLEMENTS,Y
CUST-000052,Clearwater Investments 052,Corporate Treasury,CA,NA,LOW,APPROVED,2020-04-28,Skyler Kim,skyler.kim.52@example.test,***-**-2924,CONFIDENTIAL,RECONCILIATION|SETTLEMENTS,Y
CUST-000053,Liberty Asset Management 053,Institutional,US,NA,LOW,APPROVED,2021-01-17,Cameron Johnson,cameron.johnson.53@example.test,***-**-2961,CONFIDENTIAL,CORPORATE_ACTIONS|RECONCILIATION|SETTLEMENTS,N
CUST-000054,Liberty Holdings 054,Asset Manager,US,NA,LOW,APPROVED,2019-06-22,Emerson Carter,emerson.carter.54@example.test,***-**-2998,CONFIDENTIAL,CORPORATE_ACTIONS|GLOBAL_CUSTODY|RECONCILIATION|SETTLEMENTS,Y
CUST-000055,Liberty Asset Management 055,Insurance,CA,NA,MEDIUM,ENHANCED_DUE_DILIGENCE,2022-03-04,Parker Garcia,parker.garcia.55@example.test,***-**-3035,CONFIDENTIAL,CORPORATE_ACTIONS|GLOBAL_CUSTODY|RECONCILIATION|SETTLEMENTS,Y
CUST-000056,CedarStone Asset Management 056,Asset Manager,US,NA,LOW,APPROVED,2018-01-14,Cameron Bennett,cameron.bennett.56@example.test,***-**-3072,CONFIDENTIAL,CORPORATE_ACTIONS|SETTLEMENTS,Y
CUST-000057,SummitGate Holdings 057,Asset Manager,GB,EMEA,LOW,APPROVED,2025-08-27,Quinn Bennett,quinn.bennett.57@example.test,***-**-3109,CONFIDENTIAL,CORPORATE_ACTIONS|GLOBAL_CUSTODY|RECONCILIATION|SETTLEMENTS,Y
CUST-000058,Atlas Holdings 058,Institutional,GB,EMEA,MEDIUM,APPROVED,2018-06-08,Blake Garcia,blake.garcia.58@example.test,***-**-3146,CONFIDENTIAL,CORPORATE_ACTIONS|GLOBAL_CUSTODY|RECONCILIATION,Y
CUST-000059,Redwood Partners 059,Institutional,US,NA,MEDIUM,APPROVED,2020-02-06,Quinn Diaz,quinn.diaz.59@example.test,***-**-3183,CONFIDENTIAL,RECONCILIATION|SETTLEMENTS,Y
CUST-000060,Stonebridge Advisors 060,Institutional,GB,EMEA,HIGH,APPROVED,2016-05-12,Jamie Johnson,jamie.johnson.60@example.test,***-**-3220,CONFIDENTIAL,GLOBAL_CUSTODY|SETTLEMENTS,Y
CUST-000061,Atlas Asset Management 061,Insurance,US,NA,LOW,APPROVED,2021-01-16,Hayden Reed,hayden.reed.61@example.test,***-**-3257,CONFIDENTIAL,CORPORATE_ACTIONS|RECONCILIATION,Y
CUST-000062,Liberty Holdings 062,Institutional,GB,EMEA,LOW,APPROVED,2021-11-30,Avery Hughes,avery.hughes.62@example.test,***-**-3294,CONFIDENTIAL,CORPORATE_ACTIONS|GLOBAL_CUSTODY|RECONCILIATION|SETTLEMENTS,Y
CUST-000063,Ironwood Holdings 063,Institutional,US,NA,MEDIUM,APPROVED,2023-11-05,Finley Turner,finley.turner.63@example.test,***-**-3331,CONFIDENTIAL,CORPORATE_ACTIONS|GLOBAL_CUSTODY,Y
CUST-000064,Clearwater Pension Trust 064,Insurance,GB,EMEA,LOW,APPROVED,2017-07-07,Casey Singh,casey.singh.64@example.test,***-**-3368,CONFIDENTIAL,CORPORATE_ACTIONS|GLOBAL_CUSTODY|RECONCILIATION|SETTLEMENTS,Y
CUST-000065,CedarStone Advisors 065,Corporate Treasury,GB,EMEA,LOW,APPROVED,2021-12-21,Quinn Turner,quinn.turner.65@example.test,***-**-3405,CONFIDENTIAL,RECONCILIATION,N
CUST-000066,SummitGate Investments 066,Pension Fund,FR,EMEA,LOW,APPROVED,2023-05-17,Alex Kim,alex.kim.66@example.test,***-**-3442,CONFIDENTIAL,CORPORATE_ACTIONS|GLOBAL_CUSTODY,Y
CUST-000067,Pioneer Holdings 067,Institutional,SG,APAC,HIGH,APPROVED,2018-11-07,Avery Irwin,avery.irwin.67@example.test,***-**-3479,CONFIDENTIAL,CORPORATE_ACTIONS|RECONCILIATION|SETTLEMENTS,Y
CUST-000068,Greenfield Holdings 068,Insurance,GB,EMEA,MEDIUM,APPROVED,2024-06-27,Cameron Reed,cameron.reed.68@example.test,***-**-3516,CONFIDENTIAL,GLOBAL_CUSTODY|RECONCILIATION,Y
CUST-000069,Ironwood Asset Management 069,Insurance,US,NA,LOW,REVIEW_DUE,2023-01-25,Casey Johnson,casey.johnson.69@example.test,***-**-3553,CONFIDENTIAL,CORPORATE_ACTIONS|GLOBAL_CUSTODY|RECONCILIATION|SETTLEMENTS,N
CUST-000070,HarborPoint Pension Trust 070,Asset Manager,US,NA,LOW,REVIEW_DUE,2022-07-21,Casey Garcia,casey.garcia.70@example.test,***-**-3590,CONFIDENTIAL,GLOBAL_CUSTODY,Y
CUST-000071,HarborPoint Asset Management 071,Asset Manager,AU,APAC,LOW,APPROVED,2023-12-06,Rowan Kim,rowan.kim.71@example.test,***-**-3627,CONFIDENTIAL,CORPORATE_ACTIONS|RECONCILIATION|SETTLEMENTS,Y
CUST-000072,Atlas Asset Management 072,Pension Fund,SG,APAC,MEDIUM,APPROVED,2025-05-09,Avery Johnson,avery.johnson.72@example.test,***-**-3664,CONFIDENTIAL,SETTLEMENTS,Y
CUST-000073,Pioneer Asset Management 073,Asset Manager,SG,APAC,MEDIUM,APPROVED,2018-06-14,Taylor Turner,taylor.turner.73@example.test,***-**-3701,CONFIDENTIAL,CORPORATE_ACTIONS|GLOBAL_CUSTODY|RECONCILIATION|SETTLEMENTS,Y
CUST-000074,Clearwater Asset Management 074,Insurance,CA,NA,LOW,ENHANCED_DUE_DILIGENCE,2021-09-18,Morgan Kim,morgan.kim.74@example.test,***-**-3738,CONFIDENTIAL,CORPORATE_ACTIONS|RECONCILIATION|SETTLEMENTS,Y
CUST-000075,Stonebridge Asset Management 075,Institutional,GB,EMEA,MEDIUM,APPROVED,2016-02-25,Jordan Patel,jordan.patel.75@example.test,***-**-3775,CONFIDENTIAL,CORPORATE_ACTIONS|GLOBAL_CUSTODY|RECONCILIATION|SETTLEMENTS,N
CUST-000076,Clearwater Pension Trust 076,Corporate Treasury,GB,EMEA,LOW,APPROVED,2022-01-27,Parker Singh,parker.singh.76@example.test,***-**-3812,CONFIDENTIAL,RECONCILIATION|SETTLEMENTS,Y
CUST-000077,Greenfield Partners 077,Asset Manager,US,NA,MEDIUM,APPROVED,2022-06-09,Cameron Martin,cameron.martin.77@example.test,***-**-3849,CONFIDENTIAL,RECONCILIATION|SETTLEMENTS,Y
CUST-000078,CedarStone Capital 078,Pension Fund,GB,EMEA,LOW,APPROVED,2016-06-07,Emerson Martin,emerson.martin.78@example.test,***-**-3886,CONFIDENTIAL,CORPORATE_ACTIONS|GLOBAL_CUSTODY,Y
CUST-000079,CedarStone Holdings 079,Institutional,US,NA,LOW,REVIEW_DUE,2018-07-31,Blake Garcia,blake.garcia.79@example.test,***-**-3923,CONFIDENTIAL,CORPORATE_ACTIONS|GLOBAL_CUSTODY|RECONCILIATION|SETTLEMENTS,Y
CUST-000080,Ironwood Investments 080,Institutional,US,NA,LOW,REVIEW_DUE,2022-02-12,Jordan Hughes,jordan.hughes.80@example.test,***-**-3960,CONFIDENTIAL,CORPORATE_ACTIONS|GLOBAL_CUSTODY,Y
CUST-000081,HarborPoint Investments 081,Institutional,GB,EMEA,LOW,APPROVED,2016-09-21,Hayden Singh,hayden.singh.81@example.test,***-**-3997,CONFIDENTIAL,GLOBAL_CUSTODY|RECONCILIATION,Y
CUST-000082,Greenfield Capital 082,Institutional,DE,EMEA,MEDIUM,APPROVED,2020-08-09,Reese Carter,reese.carter.82@example.test,***-**-4034,CONFIDENTIAL,GLOBAL_CUSTODY,Y
CUST-000083,Greenfield Investments 083,Asset Manager,US,NA,MEDIUM,APPROVED,2017-03-04,Dakota Patel,dakota.patel.83@example.test,***-**-4071,CONFIDENTIAL,CORPORATE_ACTIONS|GLOBAL_CUSTODY|RECONCILIATION|SETTLEMENTS,Y
CUST-000084,Greenfield Advisors 084,Asset Manager,US,NA,LOW,APPROVED,2025-12-08,Drew Patel,drew.patel.84@example.test,***-**-4108,CONFIDENTIAL,RECONCILIATION,Y
CUST-000085,Greenfield Capital 085,Asset Manager,DE,EMEA,MEDIUM,APPROVED,2020-06-07,Morgan Diaz,morgan.diaz.85@example.test,***-**-4145,CONFIDENTIAL,CORPORATE_ACTIONS|GLOBAL_CUSTODY|RECONCILIATION|SETTLEMENTS,Y
CUST-000086,Redwood Advisors 086,Corporate Treasury,CA,NA,LOW,APPROVED,2021-07-01,Blake Adams,blake.adams.86@example.test,***-**-4182,CONFIDENTIAL,CORPORATE_ACTIONS|GLOBAL_CUSTODY|RECONCILIATION|SETTLEMENTS,Y
CUST-000087,SilverLake Pension Trust 087,Insurance,DE,EMEA,MEDIUM,APPROVED,2017-11-15,Jordan Owens,jordan.owens.87@example.test,***-**-4219,CONFIDENTIAL,CORPORATE_ACTIONS,Y
CUST-000088,Orion Advisors 088,Asset Manager,AU,APAC,MEDIUM,APPROVED,2021-07-19,Emerson Owens,emerson.owens.88@example.test,***-**-4256,CONFIDENTIAL,RECONCILIATION,Y
CUST-000089,SilverLake Asset Management 089,Asset Manager,US,NA,LOW,APPROVED,2023-12-21,Alex Walker,alex.walker.89@example.test,***-**-4293,CONFIDENTIAL,CORPORATE_ACTIONS|GLOBAL_CUSTODY|RECONCILIATION|SETTLEMENTS,Y
CUST-000090,Stonebridge Partners 090,Institutional,US,NA,HIGH,APPROVED,2022-04-07,Quinn Patel,quinn.patel.90@example.test,***-**-4330,CONFIDENTIAL,CORPORATE_ACTIONS|RECONCILIATION|SETTLEMENTS,Y
CUST-000091,Clearwater Capital 091,Asset Manager,US,NA,MEDIUM,APPROVED,2025-08-08,Jordan Lewis,jordan.lewis.91@example.test,***-**-4367,CONFIDENTIAL,CORPORATE_ACTIONS|GLOBAL_CUSTODY|RECONCILIATION,Y
CUST-000092,Liberty Capital 092,Asset Manager,US,NA,LOW,APPROVED,2021-07-07,Jordan Lewis,jordan.lewis.92@example.test,***-**-4404,CONFIDENTIAL,SETTLEMENTS,Y
CUST-000093,Stonebridge Investments 093,Corporate Treasury,US,NA,LOW,APPROVED,2024-12-04,Dakota Foster,dakota.foster.93@example.test,***-**-4441,CONFIDENTIAL,CORPORATE_ACTIONS|GLOBAL_CUSTODY|RECONCILIATION|SETTLEMENTS,Y
CUST-000094,Greenfield Partners 094,Pension Fund,US,NA,HIGH,APPROVED,2016-03-25,Hayden Johnson,hayden.johnson.94@example.test,***-**-4478,CONFIDENTIAL,RECONCILIATION,Y
CUST-000095,Greenfield Holdings 095,Insurance,GB,EMEA,LOW,REVIEW_DUE,2017-05-17,Skyler Diaz,skyler.diaz.95@example.test,***-**-4515,CONFIDENTIAL,RECONCILIATION,Y
CUST-000096,SummitGate Partners 096,Asset Manager,US,NA,LOW,APPROVED,2023-06-13,Blake Garcia,blake.garcia.96@example.test,***-**-4552,CONFIDENTIAL,RECONCILIATION|SETTLEMENTS,Y
CUST-000097,CedarStone Advisors 097,Insurance,SG,APAC,LOW,REVIEW_DUE,2016-04-01,Jordan Garcia,jordan.garcia.97@example.test,***-**-4589,CONFIDENTIAL,CORPORATE_ACTIONS|GLOBAL_CUSTODY|RECONCILIATION,Y
CUST-000098,Pioneer Asset Management 098,Asset Manager,GB,EMEA,LOW,APPROVED,2016-03-09,Finley Johnson,finley.johnson.98@example.test,***-**-4626,CONFIDENTIAL,CORPORATE_ACTIONS|GLOBAL_CUSTODY|RECONCILIATION|SETTLEMENTS,Y
CUST-000099,Orion Partners 099,Corporate Treasury,GB,EMEA,MEDIUM,REVIEW_DUE,2024-01-20,Alex Carter,alex.carter.99@example.test,***-**-4663,CONFIDENTIAL,CORPORATE_ACTIONS,Y
CUST-000100,Redwood Holdings 100,Institutional,US,NA,LOW,APPROVED,2019-06-05,Parker Garcia,parker.garcia.100@example.test,***-**-4700,CONFIDENTIAL,CORPORATE_ACTIONS|GLOBAL_CUSTODY|RECONCILIATION|SETTLEMENTS,Y
CUST-000101,HarborPoint Capital 101,Pension Fund,DE,EMEA,MEDIUM,APPROVED,2021-02-25,Jordan Carter,jordan.carter.101@example.test,***-**-4737,CONFIDENTIAL,CORPORATE_ACTIONS|GLOBAL_CUSTODY|RECONCILIATION,Y
CUST-000102,Greenfield Capital 102,Institutional,FR,EMEA,LOW,APPROVED,2025-02-09,Finley Hughes,finley.hughes.102@example.test,***-**-4774,CONFIDENTIAL,GLOBAL_CUSTODY|RECONCILIATION|SETTLEMENTS,Y
CUST-000103,Atlas Capital 103,Corporate Treasury,US,NA,MEDIUM,APPROVED,2021-05-03,Jamie Adams,jamie.adams.103@example.test,***-**-4811,CONFIDENTIAL,GLOBAL_CUSTODY,Y
CUST-000104,Ironwood Capital 104,Pension Fund,CA,NA,LOW,APPROVED,2022-04-05,Hayden Martin,hayden.martin.104@example.test,***-**-4848,CONFIDENTIAL,CORPORATE_ACTIONS|GLOBAL_CUSTODY|SETTLEMENTS,Y
CUST-000105,SilverLake Advisors 105,Institutional,CA,NA,MEDIUM,APPROVED,2018-03-25,Taylor Carter,taylor.carter.105@example.test,***-**-4885,CONFIDENTIAL,RECONCILIATION,Y
CUST-000106,Stonebridge Advisors 106,Asset Manager,US,NA,LOW,APPROVED,2023-07-24,Skyler Kim,skyler.kim.106@example.test,***-**-4922,CONFIDENTIAL,CORPORATE_ACTIONS|SETTLEMENTS,Y
CUST-000107,Liberty Holdings 107,Institutional,JP,APAC,LOW,APPROVED,2017-04-25,Rowan Singh,rowan.singh.107@example.test,***-**-4959,CONFIDENTIAL,RECONCILIATION|SETTLEMENTS,Y
CUST-000108,CedarStone Investments 108,Institutional,JP,APAC,MEDIUM,APPROVED,2021-11-28,Cameron Reed,cameron.reed.108@example.test,***-**-4996,CONFIDENTIAL,CORPORATE_ACTIONS|RECONCILIATION|SETTLEMENTS,Y
CUST-000109,CedarStone Holdings 109,Institutional,US,NA,LOW,APPROVED,2025-11-15,Alex Nguyen,alex.nguyen.109@example.test,***-**-5033,CONFIDENTIAL,CORPORATE_ACTIONS|GLOBAL_CUSTODY|RECONCILIATION|SETTLEMENTS,N
CUST-000110,Liberty Investments 110,Asset Manager,GB,EMEA,LOW,APPROVED,2021-03-24,Taylor Martin,taylor.martin.110@example.test,***-**-5070,CONFIDENTIAL,CORPORATE_ACTIONS|GLOBAL_CUSTODY|RECONCILIATION,Y
CUST-000111,Orion Investments 111,Institutional,GB,EMEA,LOW,REVIEW_DUE,2020-06-29,Skyler Kim,skyler.kim.111@example.test,***-**-5107,CONFIDENTIAL,GLOBAL_CUSTODY|SETTLEMENTS,Y
CUST-000112,Liberty Capital 112,Pension Fund,GB,EMEA,MEDIUM,REVIEW_DUE,2018-04-28,Jordan Owens,jordan.owens.112@example.test,***-**-5144,CONFIDENTIAL,CORPORATE_ACTIONS|GLOBAL_CUSTODY|RECONCILIATION|SETTLEMENTS,Y
CUST-000113,Ironwood Investments 113,Institutional,GB,EMEA,MEDIUM,REVIEW_DUE,2018-02-07,Quinn Hughes,quinn.hughes.113@example.test,***-**-5181,CONFIDENTIAL,SETTLEMENTS,Y
CUST-000114,HarborPoint Holdings 114,Corporate Treasury,CA,NA,LOW,APPROVED,2025-08-04,Rowan Foster,rowan.foster.114@example.test,***-**-5218,CONFIDENTIAL,CORPORATE_ACTIONS|RECONCILIATION|SETTLEMENTS,Y
CUST-000115,Greenfield Partners 115,Corporate Treasury,FR,EMEA,MEDIUM,APPROVED,2018-01-22,Taylor Lewis,taylor.lewis.115@example.test,***-**-5255,CONFIDENTIAL,CORPORATE_ACTIONS,Y
CUST-000116,HarborPoint Investments 116,Pension Fund,CA,NA,LOW,APPROVED,2023-05-11,Drew Hughes,drew.hughes.116@example.test,***-**-5292,CONFIDENTIAL,GLOBAL_CUSTODY,Y
CUST-000117,Pioneer Pension Trust 117,Insurance,US,NA,LOW,APPROVED,2018-10-17,Reese Patel,reese.patel.117@example.test,***-**-5329,CONFIDENTIAL,CORPORATE_ACTIONS|GLOBAL_CUSTODY|SETTLEMENTS,Y
CUST-000118,Stonebridge Investments 118,Corporate Treasury,US,NA,MEDIUM,APPROVED,2017-04-27,Cameron Kim,cameron.kim.118@example.test,***-**-5366,CONFIDENTIAL,GLOBAL_CUSTODY|SETTLEMENTS,Y
CUST-000119,HarborPoint Pension Trust 119,Asset Manager,AU,APAC,MEDIUM,APPROVED,2023-12-25,Taylor Edwards,taylor.edwards.119@example.test,***-**-5403,CONFIDENTIAL,CORPORATE_ACTIONS|SETTLEMENTS,Y
CUST-000120,Redwood Partners 120,Insurance,AU,APAC,MEDIUM,ENHANCED_DUE_DILIGENCE,2020-12-06,Avery Johnson,avery.johnson.120@example.test,***-**-5440,CONFIDENTIAL,SETTLEMENTS,Y
CUST-000121,Ironwood Investments 121,Institutional,GB,EMEA,MEDIUM,APPROVED,2017-04-19,Quinn Adams,quinn.adams.121@example.test,***-**-5477,CONFIDENTIAL,RECONCILIATION,Y
CUST-000122,SummitGate Partners 122,Asset Manager,SG,APAC,LOW,REVIEW_DUE,2025-07-25,Jamie Carter,jamie.carter.122@example.test,***-**-5514,CONFIDENTIAL,GLOBAL_CUSTODY,Y
CUST-000123,Northstar Holdings 123,Institutional,US,NA,MEDIUM,APPROVED,2023-03-23,Morgan Lewis,morgan.lewis.123@example.test,***-**-5551,CONFIDENTIAL,CORPORATE_ACTIONS,Y
CUST-000124,Stonebridge Pension Trust 124,Pension Fund,US,NA,LOW,APPROVED,2018-02-04,Cameron Kim,cameron.kim.124@example.test,***-**-5588,CONFIDENTIAL,CORPORATE_ACTIONS,Y
CUST-000125,Stonebridge Asset Management 125,Pension Fund,US,NA,MEDIUM,APPROVED,2018-05-18,Avery Edwards,avery.edwards.125@example.test,***-**-5625,CONFIDENTIAL,GLOBAL_CUSTODY|RECONCILIATION|SETTLEMENTS,Y
CUST-000126,HarborPoint Pension Trust 126,Asset Manager,AU,APAC,LOW,APPROVED,2024-09-28,Emerson Martin,emerson.martin.126@example.test,***-**-5662,CONFIDENTIAL,CORPORATE_ACTIONS,N
CUST-000127,Greenfield Pension Trust 127,Pension Fund,JP,APAC,MEDIUM,APPROVED,2022-02-21,Taylor Diaz,taylor.diaz.127@example.test,***-**-5699,CONFIDENTIAL,CORPORATE_ACTIONS|RECONCILIATION,Y
CUST-000128,SilverLake Investments 128,Institutional,CA,NA,HIGH,APPROVED,2025-09-28,Riley Turner,riley.turner.128@example.test,***-**-5736,CONFIDENTIAL,CORPORATE_ACTIONS|GLOBAL_CUSTODY|RECONCILIATION|SETTLEMENTS,Y
CUST-000129,BlueRiver Asset Management 129,Institutional,US,NA,LOW,REVIEW_DUE,2018-09-09,Jamie Irwin,jamie.irwin.129@example.test,***-**-5773,CONFIDENTIAL,GLOBAL_CUSTODY|RECONCILIATION|SETTLEMENTS,Y
CUST-000130,CedarStone Advisors 130,Institutional,JP,APAC,LOW,APPROVED,2019-08-05,Casey Irwin,casey.irwin.130@example.test,***-**-5810,CONFIDENTIAL,GLOBAL_CUSTODY|RECONCILIATION|SETTLEMENTS,Y
CUST-000131,Northstar Asset Management 131,Corporate Treasury,SG,APAC,LOW,APPROVED,2024-07-18,Hayden Walker,hayden.walker.131@example.test,***-**-5847,CONFIDENTIAL,CORPORATE_ACTIONS|GLOBAL_CUSTODY|RECONCILIATION|SETTLEMENTS,Y
CUST-000132,Stonebridge Capital 132,Insurance,US,NA,HIGH,APPROVED,2022-12-11,Riley Owens,riley.owens.132@example.test,***-**-5884,CONFIDENTIAL,CORPORATE_ACTIONS,Y
CUST-000133,Clearwater Investments 133,Asset Manager,DE,EMEA,MEDIUM,APPROVED,2018-01-18,Emerson Nguyen,emerson.nguyen.133@example.test,***-**-5921,CONFIDENTIAL,CORPORATE_ACTIONS|GLOBAL_CUSTODY|RECONCILIATION|SETTLEMENTS,Y
CUST-000134,BlueRiver Partners 134,Corporate Treasury,JP,APAC,HIGH,APPROVED,2017-10-12,Hayden Foster,hayden.foster.134@example.test,***-**-5958,CONFIDENTIAL,SETTLEMENTS,Y
CUST-000135,Stonebridge Asset Management 135,Asset Manager,US,NA,LOW,APPROVED,2016-10-17,Jamie Turner,jamie.turner.135@example.test,***-**-5995,CONFIDENTIAL,CORPORATE_ACTIONS|GLOBAL_CUSTODY|RECONCILIATION,Y
CUST-000136,Ironwood Holdings 136,Pension Fund,AU,APAC,MEDIUM,APPROVED,2019-11-23,Emerson Diaz,emerson.diaz.136@example.test,***-**-6032,CONFIDENTIAL,CORPORATE_ACTIONS|GLOBAL_CUSTODY|RECONCILIATION|SETTLEMENTS,Y
CUST-000137,Ironwood Partners 137,Asset Manager,JP,APAC,MEDIUM,APPROVED,2019-01-07,Dakota Singh,dakota.singh.137@example.test,***-**-6069,CONFIDENTIAL,CORPORATE_ACTIONS,N
CUST-000138,Clearwater Advisors 138,Pension Fund,SG,APAC,LOW,APPROVED,2023-05-29,Drew Diaz,drew.diaz.138@example.test,***-**-6106,CONFIDENTIAL,CORPORATE_ACTIONS|GLOBAL_CUSTODY|RECONCILIATION|SETTLEMENTS,Y
CUST-000139,Atlas Advisors 139,Pension Fund,US,NA,HIGH,APPROVED,2022-05-26,Casey Patel,casey.patel.139@example.test,***-**-6143,CONFIDENTIAL,CORPORATE_ACTIONS|GLOBAL_CUSTODY,Y
CUST-000140,SummitGate Asset Management 140,Insurance,US,NA,LOW,APPROVED,2017-03-16,Drew Diaz,drew.diaz.140@example.test,***-**-6180,CONFIDENTIAL,GLOBAL_CUSTODY|RECONCILIATION|SETTLEMENTS,Y
CUST-000141,SummitGate Holdings 141,Institutional,US,NA,MEDIUM,REVIEW_DUE,2018-05-17,Casey Garcia,casey.garcia.141@example.test,***-**-6217,CONFIDENTIAL,GLOBAL_CUSTODY,Y
CUST-000142,CedarStone Holdings 142,Pension Fund,GB,EMEA,LOW,APPROVED,2025-01-03,Reese Adams,reese.adams.142@example.test,***-**-6254,CONFIDENTIAL,GLOBAL_CUSTODY|SETTLEMENTS,Y
CUST-000143,Redwood Asset Management 143,Pension Fund,US,NA,LOW,ENHANCED_DUE_DILIGENCE,2023-12-28,Alex Foster,alex.foster.143@example.test,***-**-6291,CONFIDENTIAL,CORPORATE_ACTIONS|GLOBAL_CUSTODY|RECONCILIATION|SETTLEMENTS,Y
CUST-000144,HarborPoint Advisors 144,Asset Manager,US,NA,LOW,REVIEW_DUE,2021-03-21,Parker Foster,parker.foster.144@example.test,***-**-6328,CONFIDENTIAL,CORPORATE_ACTIONS|GLOBAL_CUSTODY|SETTLEMENTS,Y
CUST-000145,Greenfield Holdings 145,Insurance,US,NA,MEDIUM,APPROVED,2021-06-07,Alex Bennett,alex.bennett.145@example.test,***-**-6365,CONFIDENTIAL,GLOBAL_CUSTODY|RECONCILIATION|SETTLEMENTS,Y
CUST-000146,Northstar Holdings 146,Institutional,US,NA,LOW,APPROVED,2020-01-01,Hayden Bennett,hayden.bennett.146@example.test,***-**-6402,CONFIDENTIAL,GLOBAL_CUSTODY|SETTLEMENTS,Y
CUST-000147,Greenfield Advisors 147,Corporate Treasury,CA,NA,MEDIUM,APPROVED,2017-03-25,Finley Edwards,finley.edwards.147@example.test,***-**-6439,CONFIDENTIAL,CORPORATE_ACTIONS|GLOBAL_CUSTODY|SETTLEMENTS,Y
CUST-000148,Greenfield Capital 148,Pension Fund,US,NA,MEDIUM,APPROVED,2026-01-27,Finley Garcia,finley.garcia.148@example.test,***-**-6476,CONFIDENTIAL,GLOBAL_CUSTODY|RECONCILIATION,Y
CUST-000149,Redwood Investments 149,Institutional,AU,APAC,HIGH,APPROVED,2022-12-13,Parker Patel,parker.patel.149@example.test,***-**-6513,CONFIDENTIAL,CORPORATE_ACTIONS|GLOBAL_CUSTODY|RECONCILIATION|SETTLEMENTS,Y
CUST-000150,SummitGate Partners 150,Asset Manager,AU,APAC,LOW,APPROVED,2025-02-17,Avery Adams,avery.adams.150@example.test,***-**-6550,CONFIDENTIAL,GLOBAL_CUSTODY,Y
CUST-000151,SummitGate Investments 151,Institutional,US,NA,LOW,APPROVED,2018-11-18,Reese Reed,reese.reed.151@example.test,***-**-6587,CONFIDENTIAL,GLOBAL_CUSTODY|RECONCILIATION,Y
CUST-000152,Greenfield Pension Trust 152,Institutional,US,NA,LOW,APPROVED,2017-01-10,Morgan Martin,morgan.martin.152@example.test,***-**-6624,CONFIDENTIAL,CORPORATE_ACTIONS,Y
CUST-000153,CedarStone Pension Trust 153,Institutional,DE,EMEA,LOW,APPROVED,2025-07-29,Dakota Owens,dakota.owens.153@example.test,***-**-6661,CONFIDENTIAL,GLOBAL_CUSTODY|RECONCILIATION|SETTLEMENTS,Y
CUST-000154,Pioneer Pension Trust 154,Insurance,US,NA,LOW,APPROVED,2020-05-05,Skyler Carter,skyler.carter.154@example.test,***-**-6698,CONFIDENTIAL,CORPORATE_ACTIONS|GLOBAL_CUSTODY|RECONCILIATION|SETTLEMENTS,Y
CUST-000155,Ironwood Investments 155,Pension Fund,US,NA,LOW,ENHANCED_DUE_DILIGENCE,2021-02-09,Taylor Hughes,taylor.hughes.155@example.test,***-**-6735,CONFIDENTIAL,RECONCILIATION,Y
CUST-000156,SilverLake Partners 156,Institutional,US,NA,LOW,APPROVED,2023-07-15,Riley Owens,riley.owens.156@example.test,***-**-6772,CONFIDENTIAL,GLOBAL_CUSTODY,Y
CUST-000157,Orion Holdings 157,Pension Fund,US,NA,HIGH,REVIEW_DUE,2023-08-13,Rowan Adams,rowan.adams.157@example.test,***-**-6809,CONFIDENTIAL,CORPORATE_ACTIONS|GLOBAL_CUSTODY,Y
CUST-000158,Orion Advisors 158,Corporate Treasury,US,NA,MEDIUM,APPROVED,2025-10-03,Taylor Kim,taylor.kim.158@example.test,***-**-6846,CONFIDENTIAL,CORPORATE_ACTIONS|GLOBAL_CUSTODY|RECONCILIATION|SETTLEMENTS,Y
CUST-000159,Atlas Investments 159,Insurance,DE,EMEA,LOW,APPROVED,2026-03-02,Skyler Johnson,skyler.johnson.159@example.test,***-**-6883,CONFIDENTIAL,CORPORATE_ACTIONS|GLOBAL_CUSTODY|RECONCILIATION|SETTLEMENTS,Y
CUST-000160,Northstar Capital 160,Asset Manager,JP,APAC,LOW,ENHANCED_DUE_DILIGENCE,2020-08-10,Dakota Turner,dakota.turner.160@example.test,***-**-6920,CONFIDENTIAL,GLOBAL_CUSTODY|RECONCILIATION|SETTLEMENTS,Y
CUST-000161,Pioneer Holdings 161,Asset Manager,US,NA,LOW,APPROVED,2020-05-24,Jamie Reed,jamie.reed.161@example.test,***-**-6957,CONFIDENTIAL,SETTLEMENTS,Y
CUST-000162,Pioneer Asset Management 162,Asset Manager,US,NA,LOW,APPROVED,2017-04-29,Quinn Foster,quinn.foster.162@example.test,***-**-6994,CONFIDENTIAL,RECONCILIATION,Y
CUST-000163,BlueRiver Asset Management 163,Corporate Treasury,FR,EMEA,MEDIUM,APPROVED,2020-09-14,Riley Patel,riley.patel.163@example.test,***-**-7031,CONFIDENTIAL,CORPORATE_ACTIONS|RECONCILIATION|SETTLEMENTS,Y
CUST-000164,Ironwood Partners 164,Corporate Treasury,CA,NA,LOW,APPROVED,2023-03-15,Riley Turner,riley.turner.164@example.test,***-**-7068,CONFIDENTIAL,CORPORATE_ACTIONS|GLOBAL_CUSTODY,Y
CUST-000165,SummitGate Pension Trust 165,Institutional,US,NA,HIGH,APPROVED,2025-04-13,Cameron Reed,cameron.reed.165@example.test,***-**-7105,CONFIDENTIAL,CORPORATE_ACTIONS|GLOBAL_CUSTODY|RECONCILIATION|SETTLEMENTS,Y
CUST-000166,Pioneer Advisors 166,Asset Manager,US,NA,LOW,APPROVED,2021-12-01,Taylor Nguyen,taylor.nguyen.166@example.test,***-**-7142,CONFIDENTIAL,GLOBAL_CUSTODY|RECONCILIATION|SETTLEMENTS,Y
CUST-000167,SummitGate Capital 167,Corporate Treasury,GB,EMEA,LOW,APPROVED,2019-01-29,Avery Nguyen,avery.nguyen.167@example.test,***-**-7179,CONFIDENTIAL,CORPORATE_ACTIONS|GLOBAL_CUSTODY,Y
CUST-000168,Northstar Holdings 168,Insurance,GB,EMEA,LOW,APPROVED,2020-11-18,Hayden Hughes,hayden.hughes.168@example.test,***-**-7216,CONFIDENTIAL,CORPORATE_ACTIONS|GLOBAL_CUSTODY|SETTLEMENTS,Y
CUST-000169,HarborPoint Asset Management 169,Institutional,US,NA,MEDIUM,APPROVED,2017-03-15,Parker Kim,parker.kim.169@example.test,***-**-7253,CONFIDENTIAL,CORPORATE_ACTIONS|GLOBAL_CUSTODY|SETTLEMENTS,Y
CUST-000170,Clearwater Advisors 170,Institutional,US,NA,LOW,APPROVED,2022-05-13,Quinn Lewis,quinn.lewis.170@example.test,***-**-7290,CONFIDENTIAL,RECONCILIATION|SETTLEMENTS,Y
CUST-000171,Redwood Investments 171,Asset Manager,US,NA,MEDIUM,APPROVED,2016-05-19,Skyler Nguyen,skyler.nguyen.171@example.test,***-**-7327,CONFIDENTIAL,CORPORATE_ACTIONS|RECONCILIATION,Y
CUST-000172,Liberty Advisors 172,Corporate Treasury,US,NA,MEDIUM,APPROVED,2024-08-09,Finley Foster,finley.foster.172@example.test,***-**-7364,CONFIDENTIAL,GLOBAL_CUSTODY|RECONCILIATION,Y
CUST-000173,Liberty Investments 173,Institutional,US,NA,LOW,REVIEW_DUE,2025-11-01,Taylor Patel,taylor.patel.173@example.test,***-**-7401,CONFIDENTIAL,CORPORATE_ACTIONS|GLOBAL_CUSTODY|RECONCILIATION|SETTLEMENTS,Y
CUST-000174,Liberty Asset Management 174,Insurance,GB,EMEA,LOW,APPROVED,2020-08-25,Casey Johnson,casey.johnson.174@example.test,***-**-7438,CONFIDENTIAL,CORPORATE_ACTIONS|GLOBAL_CUSTODY|RECONCILIATION|SETTLEMENTS,Y
CUST-000175,Stonebridge Investments 175,Corporate Treasury,FR,EMEA,LOW,APPROVED,2016-10-04,Hayden Garcia,hayden.garcia.175@example.test,***-**-7475,CONFIDENTIAL,CORPORATE_ACTIONS|GLOBAL_CUSTODY|RECONCILIATION|SETTLEMENTS,Y
CUST-000176,CedarStone Asset Management 176,Pension Fund,US,NA,MEDIUM,APPROVED,2022-07-23,Jordan Martin,jordan.martin.176@example.test,***-**-7512,CONFIDENTIAL,RECONCILIATION,Y
CUST-000177,Pioneer Investments 177,Asset Manager,AU,APAC,LOW,APPROVED,2021-05-23,Dakota Singh,dakota.singh.177@example.test,***-**-7549,CONFIDENTIAL,CORPORATE_ACTIONS|RECONCILIATION,Y
CUST-000178,Redwood Partners 178,Institutional,US,NA,MEDIUM,APPROVED,2021-07-02,Alex Owens,alex.owens.178@example.test,***-**-7586,CONFIDENTIAL,SETTLEMENTS,Y
CUST-000179,SummitGate Advisors 179,Institutional,JP,APAC,LOW,APPROVED,2023-04-23,Jamie Walker,jamie.walker.179@example.test,***-**-7623,CONFIDENTIAL,CORPORATE_ACTIONS|GLOBAL_CUSTODY,Y
CUST-000180,Clearwater Pension Trust 180,Insurance,US,NA,LOW,APPROVED,2017-02-03,Jamie Nguyen,jamie.nguyen.180@example.test,***-**-7660,CONFIDENTIAL,CORPORATE_ACTIONS|GLOBAL_CUSTODY|RECONCILIATION|SETTLEMENTS,Y
CUST-000181,HarborPoint Investments 181,Institutional,CA,NA,MEDIUM,APPROVED,2016-08-23,Quinn Patel,quinn.patel.181@example.test,***-**-7697,CONFIDENTIAL,GLOBAL_CUSTODY|RECONCILIATION|SETTLEMENTS,Y
CUST-000182,Northstar Holdings 182,Asset Manager,SG,APAC,LOW,APPROVED,2016-01-16,Alex Irwin,alex.irwin.182@example.test,***-**-7734,CONFIDENTIAL,RECONCILIATION|SETTLEMENTS,Y
CUST-000183,HarborPoint Holdings 183,Pension Fund,FR,EMEA,LOW,APPROVED,2022-02-21,Skyler Carter,skyler.carter.183@example.test,***-**-7771,CONFIDENTIAL,GLOBAL_CUSTODY,Y
CUST-000184,Atlas Capital 184,Asset Manager,CA,NA,LOW,APPROVED,2021-07-19,Reese Singh,reese.singh.184@example.test,***-**-7808,CONFIDENTIAL,CORPORATE_ACTIONS|GLOBAL_CUSTODY|RECONCILIATION|SETTLEMENTS,Y
CUST-000185,Orion Advisors 185,Pension Fund,GB,EMEA,MEDIUM,REVIEW_DUE,2018-07-18,Jordan Nguyen,jordan.nguyen.185@example.test,***-**-7845,CONFIDENTIAL,GLOBAL_CUSTODY|RECONCILIATION,Y
CUST-000186,Pioneer Pension Trust 186,Asset Manager,JP,APAC,MEDIUM,REVIEW_DUE,2019-01-25,Avery Adams,avery.adams.186@example.test,***-**-7882,CONFIDENTIAL,CORPORATE_ACTIONS,Y
CUST-000187,BlueRiver Capital 187,Insurance,US,NA,MEDIUM,APPROVED,2023-12-07,Drew Nguyen,drew.nguyen.187@example.test,***-**-7919,CONFIDENTIAL,GLOBAL_CUSTODY,Y
CUST-000188,Redwood Advisors 188,Pension Fund,US,NA,MEDIUM,APPROVED,2024-01-24,Rowan Irwin,rowan.irwin.188@example.test,***-**-7956,CONFIDENTIAL,CORPORATE_ACTIONS,Y
CUST-000189,Northstar Advisors 189,Asset Manager,GB,EMEA,LOW,APPROVED,2018-07-18,Quinn Patel,quinn.patel.189@example.test,***-**-7993,CONFIDENTIAL,CORPORATE_ACTIONS|RECONCILIATION|SETTLEMENTS,Y
CUST-000190,Atlas Advisors 190,Corporate Treasury,US,NA,MEDIUM,REVIEW_DUE,2016-09-06,Riley Martin,riley.martin.190@example.test,***-**-8030,CONFIDENTIAL,CORPORATE_ACTIONS,Y
CUST-000191,Redwood Advisors 191,Insurance,US,NA,LOW,APPROVED,2020-10-02,Emerson Hughes,emerson.hughes.191@example.test,***-**-8067,CONFIDENTIAL,CORPORATE_ACTIONS|GLOBAL_CUSTODY,Y
CUST-000192,BlueRiver Asset Management 192,Insurance,CA,NA,HIGH,APPROVED,2024-05-29,Alex Hughes,alex.hughes.192@example.test,***-**-8104,CONFIDENTIAL,CORPORATE_ACTIONS|GLOBAL_CUSTODY|SETTLEMENTS,Y
CUST-000193,Ironwood Asset Management 193,Institutional,CA,NA,LOW,APPROVED,2024-10-11,Rowan Garcia,rowan.garcia.193@example.test,***-**-8141,CONFIDENTIAL,CORPORATE_ACTIONS|SETTLEMENTS,Y
CUST-000194,CedarStone Investments 194,Insurance,SG,APAC,MEDIUM,APPROVED,2023-03-23,Jordan Owens,jordan.owens.194@example.test,***-**-8178,CONFIDENTIAL,CORPORATE_ACTIONS|GLOBAL_CUSTODY|SETTLEMENTS,Y
CUST-000195,Clearwater Pension Trust 195,Pension Fund,CA,NA,LOW,APPROVED,2023-03-03,Drew Irwin,drew.irwin.195@example.test,***-**-8215,CONFIDENTIAL,CORPORATE_ACTIONS|RECONCILIATION|SETTLEMENTS,Y
CUST-000196,Redwood Partners 196,Pension Fund,SG,APAC,LOW,APPROVED,2016-12-12,Taylor Singh,taylor.singh.196@example.test,***-**-8252,CONFIDENTIAL,CORPORATE_ACTIONS|GLOBAL_CUSTODY|SETTLEMENTS,Y
CUST-000197,Ironwood Holdings 197,Insurance,GB,EMEA,HIGH,REVIEW_DUE,2021-06-29,Dakota Bennett,dakota.bennett.197@example.test,***-**-8289,CONFIDENTIAL,CORPORATE_ACTIONS|GLOBAL_CUSTODY|RECONCILIATION|SETTLEMENTS,Y
CUST-000198,HarborPoint Capital 198,Institutional,US,NA,LOW,APPROVED,2018-07-22,Riley Lewis,riley.lewis.198@example.test,***-**-8326,CONFIDENTIAL,CORPORATE_ACTIONS|SETTLEMENTS,Y
CUST-000199,Liberty Partners 199,Pension Fund,FR,EMEA,LOW,APPROVED,2024-01-11,Parker Patel,parker.patel.199@example.test,***-**-8363,CONFIDENTIAL,GLOBAL_CUSTODY|RECONCILIATION,Y
CUST-000200,CedarStone Holdings 200,Insurance,DE,EMEA,LOW,APPROVED,2017-07-04,Cameron Walker,cameron.walker.200@example.test,***-**-8400,CONFIDENTIAL,CORPORATE_ACTIONS|GLOBAL_CUSTODY|RECONCILIATION|SETTLEMENTS,Y
CUST-000201,Stonebridge Asset Management 201,Corporate Treasury,US,NA,HIGH,APPROVED,2021-09-19,Jamie Turner,jamie.turner.201@example.test,***-**-8437,CONFIDENTIAL,CORPORATE_ACTIONS|RECONCILIATION|SETTLEMENTS,Y
CUST-000202,SummitGate Partners 202,Corporate Treasury,SG,APAC,LOW,APPROVED,2025-12-26,Morgan Bennett,morgan.bennett.202@example.test,***-**-8474,CONFIDENTIAL,CORPORATE_ACTIONS|GLOBAL_CUSTODY|RECONCILIATION|SETTLEMENTS,Y
CUST-000203,Redwood Pension Trust 203,Insurance,AU,APAC,MEDIUM,APPROVED,2023-03-08,Skyler Edwards,skyler.edwards.203@example.test,***-**-8511,CONFIDENTIAL,CORPORATE_ACTIONS|GLOBAL_CUSTODY|RECONCILIATION,Y
CUST-000204,Stonebridge Advisors 204,Corporate Treasury,DE,EMEA,LOW,APPROVED,2018-12-09,Emerson Garcia,emerson.garcia.204@example.test,***-**-8548,CONFIDENTIAL,CORPORATE_ACTIONS|GLOBAL_CUSTODY|SETTLEMENTS,Y
CUST-000205,Pioneer Holdings 205,Insurance,JP,APAC,LOW,APPROVED,2024-09-19,Rowan Edwards,rowan.edwards.205@example.test,***-**-8585,CONFIDENTIAL,CORPORATE_ACTIONS|SETTLEMENTS,Y
CUST-000206,Greenfield Pension Trust 206,Asset Manager,GB,EMEA,MEDIUM,APPROVED,2018-08-01,Hayden Nguyen,hayden.nguyen.206@example.test,***-**-8622,CONFIDENTIAL,CORPORATE_ACTIONS|GLOBAL_CUSTODY|RECONCILIATION|SETTLEMENTS,Y
CUST-000207,Orion Investments 207,Pension Fund,US,NA,MEDIUM,APPROVED,2024-08-10,Taylor Diaz,taylor.diaz.207@example.test,***-**-8659,CONFIDENTIAL,CORPORATE_ACTIONS|GLOBAL_CUSTODY,Y
CUST-000208,Redwood Investments 208,Corporate Treasury,GB,EMEA,MEDIUM,APPROVED,2016-07-03,Dakota Carter,dakota.carter.208@example.test,***-**-8696,CONFIDENTIAL,SETTLEMENTS,Y
CUST-000209,Ironwood Asset Management 209,Pension Fund,FR,EMEA,LOW,APPROVED,2018-08-30,Quinn Martin,quinn.martin.209@example.test,***-**-8733,CONFIDENTIAL,GLOBAL_CUSTODY|RECONCILIATION,Y
CUST-000210,Redwood Investments 210,Institutional,US,NA,MEDIUM,APPROVED,2021-01-15,Blake Diaz,blake.diaz.210@example.test,***-**-8770,CONFIDENTIAL,CORPORATE_ACTIONS|GLOBAL_CUSTODY|RECONCILIATION|SETTLEMENTS,Y
CUST-000211,Ironwood Holdings 211,Asset Manager,DE,EMEA,LOW,APPROVED,2019-01-26,Taylor Martin,taylor.martin.211@example.test,***-**-8807,CONFIDENTIAL,CORPORATE_ACTIONS|GLOBAL_CUSTODY|RECONCILIATION|SETTLEMENTS,Y
CUST-000212,HarborPoint Investments 212,Institutional,CA,NA,MEDIUM,APPROVED,2025-06-23,Casey Edwards,casey.edwards.212@example.test,***-**-8844,CONFIDENTIAL,GLOBAL_CUSTODY|SETTLEMENTS,Y
CUST-000213,BlueRiver Asset Management 213,Institutional,US,NA,LOW,APPROVED,2021-08-18,Taylor Johnson,taylor.johnson.213@example.test,***-**-8881,CONFIDENTIAL,GLOBAL_CUSTODY|RECONCILIATION|SETTLEMENTS,Y
CUST-000214,Greenfield Holdings 214,Asset Manager,US,NA,LOW,ENHANCED_DUE_DILIGENCE,2017-04-15,Blake Adams,blake.adams.214@example.test,***-**-8918,CONFIDENTIAL,CORPORATE_ACTIONS|GLOBAL_CUSTODY,Y
CUST-000215,Greenfield Capital 215,Institutional,CA,NA,MEDIUM,APPROVED,2021-03-28,Morgan Martin,morgan.martin.215@example.test,***-**-8955,CONFIDENTIAL,CORPORATE_ACTIONS|GLOBAL_CUSTODY|RECONCILIATION|SETTLEMENTS,Y
CUST-000216,Orion Asset Management 216,Corporate Treasury,CA,NA,LOW,APPROVED,2024-01-12,Skyler Irwin,skyler.irwin.216@example.test,***-**-8992,CONFIDENTIAL,SETTLEMENTS,Y
CUST-000217,SilverLake Advisors 217,Asset Manager,CA,NA,MEDIUM,APPROVED,2016-10-06,Morgan Lewis,morgan.lewis.217@example.test,***-**-9029,CONFIDENTIAL,CORPORATE_ACTIONS,Y
CUST-000218,BlueRiver Pension Trust 218,Corporate Treasury,US,NA,MEDIUM,APPROVED,2026-01-13,Jamie Hughes,jamie.hughes.218@example.test,***-**-9066,CONFIDENTIAL,CORPORATE_ACTIONS|GLOBAL_CUSTODY|RECONCILIATION,Y
CUST-000219,Stonebridge Asset Management 219,Corporate Treasury,FR,EMEA,LOW,APPROVED,2017-06-13,Dakota Garcia,dakota.garcia.219@example.test,***-**-9103,CONFIDENTIAL,GLOBAL_CUSTODY|RECONCILIATION|SETTLEMENTS,Y
CUST-000220,CedarStone Advisors 220,Corporate Treasury,CA,NA,LOW,APPROVED,2025-11-26,Riley Johnson,riley.johnson.220@example.test,***-**-9140,CONFIDENTIAL,CORPORATE_ACTIONS|GLOBAL_CUSTODY|RECONCILIATION,Y
CUST-000221,Redwood Capital 221,Insurance,SG,APAC,LOW,APPROVED,2022-04-18,Rowan Diaz,rowan.diaz.221@example.test,***-**-9177,CONFIDENTIAL,GLOBAL_CUSTODY|SETTLEMENTS,Y
CUST-000222,Northstar Partners 222,Institutional,CA,NA,LOW,APPROVED,2025-06-15,Finley Reed,finley.reed.222@example.test,***-**-9214,CONFIDENTIAL,RECONCILIATION,Y
CUST-000223,Clearwater Pension Trust 223,Corporate Treasury,US,NA,LOW,APPROVED,2016-07-16,Quinn Martin,quinn.martin.223@example.test,***-**-9251,CONFIDENTIAL,RECONCILIATION,Y
CUST-000224,Atlas Partners 224,Institutional,US,NA,LOW,APPROVED,2020-02-04,Finley Lewis,finley.lewis.224@example.test,***-**-9288,CONFIDENTIAL,CORPORATE_ACTIONS|GLOBAL_CUSTODY|RECONCILIATION,Y
CUST-000225,SummitGate Investments 225,Asset Manager,AU,APAC,LOW,APPROVED,2017-11-23,Hayden Edwards,hayden.edwards.225@example.test,***-**-9325,CONFIDENTIAL,RECONCILIATION,Y
CUST-000226,BlueRiver Advisors 226,Institutional,FR,EMEA,HIGH,APPROVED,2021-03-05,Dakota Hughes,dakota.hughes.226@example.test,***-**-9362,CONFIDENTIAL,CORPORATE_ACTIONS|GLOBAL_CUSTODY,Y
CUST-000227,Orion Pension Trust 227,Institutional,AU,APAC,MEDIUM,APPROVED,2019-09-11,Casey Adams,casey.adams.227@example.test,***-**-9399,CONFIDENTIAL,CORPORATE_ACTIONS|RECONCILIATION,Y
CUST-000228,Clearwater Pension Trust 228,Asset Manager,US,NA,MEDIUM,APPROVED,2019-01-02,Jordan Patel,jordan.patel.228@example.test,***-**-9436,CONFIDENTIAL,GLOBAL_CUSTODY,Y
CUST-000229,Orion Advisors 229,Pension Fund,SG,APAC,MEDIUM,APPROVED,2020-06-23,Quinn Nguyen,quinn.nguyen.229@example.test,***-**-9473,CONFIDENTIAL,CORPORATE_ACTIONS|RECONCILIATION,Y
CUST-000230,Northstar Asset Management 230,Pension Fund,US,NA,LOW,APPROVED,2022-06-19,Reese Martin,reese.martin.230@example.test,***-**-9510,CONFIDENTIAL,GLOBAL_CUSTODY,N
CUST-000231,SilverLake Advisors 231,Institutional,GB,EMEA,LOW,APPROVED,2020-01-01,Taylor Turner,taylor.turner.231@example.test,***-**-9547,CONFIDENTIAL,GLOBAL_CUSTODY|RECONCILIATION|SETTLEMENTS,Y
CUST-000232,Orion Pension Trust 232,Pension Fund,US,NA,MEDIUM,ENHANCED_DUE_DILIGENCE,2025-01-12,Blake Kim,blake.kim.232@example.test,***-**-9584,CONFIDENTIAL,CORPORATE_ACTIONS|GLOBAL_CUSTODY|SETTLEMENTS,Y
CUST-000233,SilverLake Advisors 233,Asset Manager,US,NA,LOW,APPROVED,2022-09-27,Emerson Edwards,emerson.edwards.233@example.test,***-**-9621,CONFIDENTIAL,GLOBAL_CUSTODY|RECONCILIATION,Y
CUST-000234,SummitGate Pension Trust 234,Pension Fund,GB,EMEA,LOW,APPROVED,2016-07-10,Rowan Kim,rowan.kim.234@example.test,***-**-9658,CONFIDENTIAL,CORPORATE_ACTIONS|GLOBAL_CUSTODY|RECONCILIATION|SETTLEMENTS,Y
CUST-000235,CedarStone Holdings 235,Pension Fund,CA,NA,LOW,APPROVED,2017-12-26,Finley Carter,finley.carter.235@example.test,***-**-9695,CONFIDENTIAL,CORPORATE_ACTIONS|GLOBAL_CUSTODY|RECONCILIATION|SETTLEMENTS,Y
CUST-000236,Liberty Asset Management 236,Asset Manager,US,NA,MEDIUM,APPROVED,2024-11-26,Emerson Turner,emerson.turner.236@example.test,***-**-9732,CONFIDENTIAL,GLOBAL_CUSTODY|RECONCILIATION|SETTLEMENTS,Y
CUST-000237,Atlas Investments 237,Institutional,US,NA,LOW,APPROVED,2023-12-14,Blake Patel,blake.patel.237@example.test,***-**-9769,CONFIDENTIAL,CORPORATE_ACTIONS|GLOBAL_CUSTODY|RECONCILIATION|SETTLEMENTS,Y
CUST-000238,Redwood Investments 238,Asset Manager,US,NA,LOW,APPROVED,2017-10-05,Riley Carter,riley.carter.238@example.test,***-**-9806,CONFIDENTIAL,SETTLEMENTS,Y
CUST-000239,Clearwater Capital 239,Institutional,US,NA,MEDIUM,APPROVED,2022-03-14,Jamie Martin,jamie.martin.239@example.test,***-**-9843,CONFIDENTIAL,GLOBAL_CUSTODY|RECONCILIATION|SETTLEMENTS,Y
CUST-000240,HarborPoint Pension Trust 240,Corporate Treasury,US,NA,MEDIUM,APPROVED,2019-05-13,Avery Turner,avery.turner.240@example.test,***-**-9880,CONFIDENTIAL,CORPORATE_ACTIONS|GLOBAL_CUSTODY|RECONCILIATION|SETTLEMENTS,Y
CUST-000241,Ironwood Holdings 241,Institutional,CA,NA,MEDIUM,APPROVED,2017-08-17,Quinn Lewis,quinn.lewis.241@example.test,***-**-9917,CONFIDENTIAL,CORPORATE_ACTIONS|GLOBAL_CUSTODY|RECONCILIATION|SETTLEMENTS,Y
CUST-000242,CedarStone Investments 242,Corporate Treasury,US,NA,LOW,APPROVED,2021-12-19,Alex Diaz,alex.diaz.242@example.test,***-**-9954,CONFIDENTIAL,CORPORATE_ACTIONS|SETTLEMENTS,Y
CUST-000243,Northstar Holdings 243,Institutional,AU,APAC,LOW,REVIEW_DUE,2023-07-10,Skyler Reed,skyler.reed.243@example.test,***-**-9991,CONFIDENTIAL,RECONCILIATION,Y
CUST-000244,Clearwater Investments 244,Corporate Treasury,CA,NA,LOW,APPROVED,2024-10-30,Hayden Irwin,hayden.irwin.244@example.test,***-**-1028,CONFIDENTIAL,GLOBAL_CUSTODY|SETTLEMENTS,Y
CUST-000245,BlueRiver Asset Management 245,Institutional,US,NA,LOW,APPROVED,2019-03-12,Reese Irwin,reese.irwin.245@example.test,***-**-1065,CONFIDENTIAL,SETTLEMENTS,Y
CUST-000246,Pioneer Investments 246,Insurance,SG,APAC,LOW,APPROVED,2022-11-21,Quinn Singh,quinn.singh.246@example.test,***-**-1102,CONFIDENTIAL,CORPORATE_ACTIONS|SETTLEMENTS,Y
CUST-000247,Ironwood Holdings 247,Institutional,US,NA,MEDIUM,REVIEW_DUE,2021-06-03,Morgan Adams,morgan.adams.247@example.test,***-**-1139,CONFIDENTIAL,GLOBAL_CUSTODY,Y
CUST-000248,Pioneer Holdings 248,Insurance,US,NA,MEDIUM,APPROVED,2023-06-25,Avery Adams,avery.adams.248@example.test,***-**-1176,CONFIDENTIAL,GLOBAL_CUSTODY|RECONCILIATION|SETTLEMENTS,Y
CUST-000249,Atlas Holdings 249,Institutional,US,NA,MEDIUM,APPROVED,2019-11-04,Drew Adams,drew.adams.249@example.test,***-**-1213,CONFIDENTIAL,CORPORATE_ACTIONS|GLOBAL_CUSTODY|RECONCILIATION|SETTLEMENTS,Y
CUST-000250,Liberty Investments 250,Pension Fund,GB,EMEA,MEDIUM,APPROVED,2020-06-13,Jordan Irwin,jordan.irwin.250@example.test,***-**-1250,CONFIDENTIAL,SETTLEMENTS,Y
CUST-000251,CedarStone Partners 251,Asset Manager,GB,EMEA,LOW,APPROVED,2022-12-01,Alex Garcia,alex.garcia.251@example.test,***-**-1287,CONFIDENTIAL,GLOBAL_CUSTODY|RECONCILIATION,Y
CUST-000252,Clearwater Investments 252,Institutional,US,NA,MEDIUM,APPROVED,2023-04-05,Jamie Kim,jamie.kim.252@example.test,***-**-1324,CONFIDENTIAL,CORPORATE_ACTIONS|GLOBAL_CUSTODY|RECONCILIATION|SETTLEMENTS,Y
CUST-000253,SummitGate Asset Management 253,Asset Manager,US,NA,LOW,APPROVED,2021-06-21,Skyler Edwards,skyler.edwards.253@example.test,***-**-1361,CONFIDENTIAL,CORPORATE_ACTIONS|RECONCILIATION,Y
CUST-000254,BlueRiver Investments 254,Institutional,CA,NA,MEDIUM,REVIEW_DUE,2024-08-01,Jordan Johnson,jordan.johnson.254@example.test,***-**-1398,CONFIDENTIAL,GLOBAL_CUSTODY,Y
CUST-000255,Northstar Asset Management 255,Corporate Treasury,US,NA,MEDIUM,APPROVED,2019-07-29,Skyler Garcia,skyler.garcia.255@example.test,***-**-1435,CONFIDENTIAL,CORPORATE_ACTIONS|GLOBAL_CUSTODY|SETTLEMENTS,Y
CUST-000256,SummitGate Holdings 256,Institutional,CA,NA,MEDIUM,APPROVED,2016-01-05,Skyler Adams,skyler.adams.256@example.test,***-**-1472,CONFIDENTIAL,CORPORATE_ACTIONS|GLOBAL_CUSTODY|SETTLEMENTS,Y
CUST-000257,Redwood Advisors 257,Corporate Treasury,US,NA,LOW,APPROVED,2019-03-24,Alex Patel,alex.patel.257@example.test,***-**-1509,CONFIDENTIAL,GLOBAL_CUSTODY|RECONCILIATION,Y
CUST-000258,Northstar Capital 258,Institutional,JP,APAC,LOW,APPROVED,2024-12-10,Cameron Bennett,cameron.bennett.258@example.test,***-**-1546,CONFIDENTIAL,CORPORATE_ACTIONS,Y
CUST-000259,Stonebridge Asset Management 259,Asset Manager,US,NA,LOW,APPROVED,2024-11-27,Jamie Lewis,jamie.lewis.259@example.test,***-**-1583,CONFIDENTIAL,CORPORATE_ACTIONS|RECONCILIATION,Y
CUST-000260,BlueRiver Advisors 260,Institutional,US,NA,MEDIUM,APPROVED,2019-10-05,Drew Edwards,drew.edwards.260@example.test,***-**-1620,CONFIDENTIAL,GLOBAL_CUSTODY|RECONCILIATION|SETTLEMENTS,Y
CUST-000261,Orion Holdings 261,Institutional,US,NA,HIGH,APPROVED,2025-06-24,Rowan Irwin,rowan.irwin.261@example.test,***-**-1657,CONFIDENTIAL,RECONCILIATION,Y
CUST-000262,Redwood Asset Management 262,Asset Manager,US,NA,LOW,APPROVED,2021-04-21,Cameron Singh,cameron.singh.262@example.test,***-**-1694,CONFIDENTIAL,CORPORATE_ACTIONS|SETTLEMENTS,Y
CUST-000263,Atlas Investments 263,Institutional,FR,EMEA,LOW,APPROVED,2023-02-11,Morgan Carter,morgan.carter.263@example.test,***-**-1731,CONFIDENTIAL,CORPORATE_ACTIONS|GLOBAL_CUSTODY|RECONCILIATION|SETTLEMENTS,Y
CUST-000264,Northstar Advisors 264,Insurance,US,NA,LOW,APPROVED,2025-08-08,Finley Edwards,finley.edwards.264@example.test,***-**-1768,CONFIDENTIAL,CORPORATE_ACTIONS|GLOBAL_CUSTODY|RECONCILIATION,Y
CUST-000265,SilverLake Partners 265,Asset Manager,US,NA,LOW,APPROVED,2025-03-14,Morgan Kim,morgan.kim.265@example.test,***-**-1805,CONFIDENTIAL,GLOBAL_CUSTODY|RECONCILIATION,Y
CUST-000266,Atlas Pension Trust 266,Asset Manager,GB,EMEA,LOW,REVIEW_DUE,2023-05-08,Blake Foster,blake.foster.266@example.test,***-**-1842,CONFIDENTIAL,CORPORATE_ACTIONS|SETTLEMENTS,Y
CUST-000267,Clearwater Investments 267,Institutional,DE,EMEA,LOW,APPROVED,2019-10-15,Reese Walker,reese.walker.267@example.test,***-**-1879,CONFIDENTIAL,CORPORATE_ACTIONS|RECONCILIATION,Y
CUST-000268,Northstar Capital 268,Corporate Treasury,US,NA,MEDIUM,APPROVED,2023-05-01,Parker Singh,parker.singh.268@example.test,***-**-1916,CONFIDENTIAL,RECONCILIATION|SETTLEMENTS,Y
CUST-000269,Stonebridge Advisors 269,Institutional,US,NA,LOW,APPROVED,2018-08-14,Dakota Walker,dakota.walker.269@example.test,***-**-1953,CONFIDENTIAL,CORPORATE_ACTIONS|SETTLEMENTS,Y
CUST-000270,Atlas Investments 270,Asset Manager,US,NA,LOW,APPROVED,2019-09-02,Parker Edwards,parker.edwards.270@example.test,***-**-1990,CONFIDENTIAL,CORPORATE_ACTIONS|GLOBAL_CUSTODY|RECONCILIATION,Y
CUST-000271,SummitGate Capital 271,Asset Manager,JP,APAC,LOW,APPROVED,2016-12-05,Finley Turner,finley.turner.271@example.test,***-**-2027,CONFIDENTIAL,CORPORATE_ACTIONS|GLOBAL_CUSTODY|SETTLEMENTS,Y
CUST-000272,Orion Holdings 272,Institutional,DE,EMEA,LOW,APPROVED,2016-01-01,Quinn Patel,quinn.patel.272@example.test,***-**-2064,CONFIDENTIAL,RECONCILIATION|SETTLEMENTS,Y
CUST-000273,Stonebridge Investments 273,Institutional,US,NA,MEDIUM,APPROVED,2023-08-04,Avery Johnson,avery.johnson.273@example.test,***-**-2101,CONFIDENTIAL,GLOBAL_CUSTODY|SETTLEMENTS,N
CUST-000274,Redwood Partners 274,Asset Manager,CA,NA,LOW,APPROVED,2020-01-28,Emerson Owens,emerson.owens.274@example.test,***-**-2138,CONFIDENTIAL,GLOBAL_CUSTODY|RECONCILIATION|SETTLEMENTS,Y
CUST-000275,SummitGate Investments 275,Asset Manager,US,NA,LOW,APPROVED,2019-09-14,Cameron Owens,cameron.owens.275@example.test,***-**-2175,CONFIDENTIAL,CORPORATE_ACTIONS|RECONCILIATION|SETTLEMENTS,Y
CUST-000276,SilverLake Investments 276,Institutional,US,NA,LOW,REVIEW_DUE,2016-09-10,Morgan Walker,morgan.walker.276@example.test,***-**-2212,CONFIDENTIAL,CORPORATE_ACTIONS|GLOBAL_CUSTODY|RECONCILIATION|SETTLEMENTS,Y
CUST-000277,Stonebridge Advisors 277,Pension Fund,US,NA,LOW,APPROVED,2018-05-06,Cameron Hughes,cameron.hughes.277@example.test,***-**-2249,CONFIDENTIAL,CORPORATE_ACTIONS|GLOBAL_CUSTODY|RECONCILIATION|SETTLEMENTS,Y
CUST-000278,Atlas Investments 278,Institutional,DE,EMEA,LOW,APPROVED,2019-10-01,Jordan Foster,jordan.foster.278@example.test,***-**-2286,CONFIDENTIAL,RECONCILIATION|SETTLEMENTS,Y
CUST-000279,Clearwater Capital 279,Asset Manager,FR,EMEA,MEDIUM,APPROVED,2016-06-05,Rowan Diaz,rowan.diaz.279@example.test,***-**-2323,CONFIDENTIAL,CORPORATE_ACTIONS|GLOBAL_CUSTODY|RECONCILIATION|SETTLEMENTS,Y
CUST-000280,Atlas Capital 280,Insurance,US,NA,LOW,APPROVED,2025-09-17,Morgan Martin,morgan.martin.280@example.test,***-**-2360,CONFIDENTIAL,CORPORATE_ACTIONS|GLOBAL_CUSTODY|RECONCILIATION,Y
CUST-000281,HarborPoint Pension Trust 281,Institutional,GB,EMEA,LOW,APPROVED,2023-09-26,Hayden Kim,hayden.kim.281@example.test,***-**-2397,CONFIDENTIAL,CORPORATE_ACTIONS|GLOBAL_CUSTODY,Y
CUST-000282,Clearwater Partners 282,Insurance,US,NA,LOW,APPROVED,2019-02-04,Blake Garcia,blake.garcia.282@example.test,***-**-2434,CONFIDENTIAL,CORPORATE_ACTIONS|GLOBAL_CUSTODY|RECONCILIATION,Y
CUST-000283,Clearwater Investments 283,Corporate Treasury,FR,EMEA,MEDIUM,APPROVED,2016-04-18,Blake Adams,blake.adams.283@example.test,***-**-2471,CONFIDENTIAL,CORPORATE_ACTIONS|GLOBAL_CUSTODY|RECONCILIATION|SETTLEMENTS,N
CUST-000284,Atlas Holdings 284,Corporate Treasury,US,NA,LOW,APPROVED,2018-09-14,Finley Nguyen,finley.nguyen.284@example.test,***-**-2508,CONFIDENTIAL,CORPORATE_ACTIONS|RECONCILIATION,Y
CUST-000285,CedarStone Investments 285,Institutional,DE,EMEA,MEDIUM,APPROVED,2020-08-05,Finley Turner,finley.turner.285@example.test,***-**-2545,CONFIDENTIAL,GLOBAL_CUSTODY|RECONCILIATION,Y
CUST-000286,Atlas Holdings 286,Pension Fund,AU,APAC,LOW,APPROVED,2018-05-29,Cameron Singh,cameron.singh.286@example.test,***-**-2582,CONFIDENTIAL,GLOBAL_CUSTODY|RECONCILIATION,Y
CUST-000287,CedarStone Capital 287,Insurance,FR,EMEA,MEDIUM,APPROVED,2019-12-17,Hayden Adams,hayden.adams.287@example.test,***-**-2619,CONFIDENTIAL,GLOBAL_CUSTODY|RECONCILIATION,Y
CUST-000288,CedarStone Asset Management 288,Corporate Treasury,GB,EMEA,MEDIUM,APPROVED,2023-08-28,Parker Nguyen,parker.nguyen.288@example.test,***-**-2656,CONFIDENTIAL,GLOBAL_CUSTODY|RECONCILIATION|SETTLEMENTS,Y
CUST-000289,Stonebridge Investments 289,Institutional,GB,EMEA,MEDIUM,APPROVED,2022-05-04,Dakota Adams,dakota.adams.289@example.test,***-**-2693,CONFIDENTIAL,CORPORATE_ACTIONS|GLOBAL_CUSTODY|RECONCILIATION|SETTLEMENTS,Y
CUST-000290,Ironwood Asset Management 290,Pension Fund,CA,NA,LOW,APPROVED,2018-06-29,Blake Singh,blake.singh.290@example.test,***-**-2730,CONFIDENTIAL,GLOBAL_CUSTODY|RECONCILIATION|SETTLEMENTS,Y
CUST-000291,Liberty Partners 291,Insurance,US,NA,MEDIUM,APPROVED,2024-10-07,Taylor Adams,taylor.adams.291@example.test,***-**-2767,CONFIDENTIAL,CORPORATE_ACTIONS|GLOBAL_CUSTODY|RECONCILIATION|SETTLEMENTS,Y
CUST-000292,SilverLake Holdings 292,Asset Manager,US,NA,LOW,APPROVED,2024-07-12,Jamie Turner,jamie.turner.292@example.test,***-**-2804,CONFIDENTIAL,CORPORATE_ACTIONS|GLOBAL_CUSTODY|RECONCILIATION,Y
CUST-000293,Redwood Investments 293,Institutional,DE,EMEA,HIGH,APPROVED,2016-02-18,Morgan Lewis,morgan.lewis.293@example.test,***-**-2841,CONFIDENTIAL,CORPORATE_ACTIONS|GLOBAL_CUSTODY|RECONCILIATION|SETTLEMENTS,Y
CUST-000294,SummitGate Partners 294,Asset Manager,AU,APAC,LOW,APPROVED,2024-03-14,Cameron Kim,cameron.kim.294@example.test,***-**-2878,CONFIDENTIAL,CORPORATE_ACTIONS|GLOBAL_CUSTODY|RECONCILIATION|SETTLEMENTS,Y
CUST-000295,CedarStone Pension Trust 295,Insurance,DE,EMEA,HIGH,APPROVED,2024-12-22,Skyler Reed,skyler.reed.295@example.test,***-**-2915,CONFIDENTIAL,CORPORATE_ACTIONS|GLOBAL_CUSTODY|RECONCILIATION|SETTLEMENTS,Y
CUST-000296,SummitGate Partners 296,Asset Manager,US,NA,MEDIUM,APPROVED,2018-01-25,Taylor Edwards,taylor.edwards.296@example.test,***-**-2952,CONFIDENTIAL,CORPORATE_ACTIONS|GLOBAL_CUSTODY|SETTLEMENTS,Y
CUST-000297,Redwood Capital 297,Pension Fund,US,NA,LOW,APPROVED,2021-10-21,Jordan Turner,jordan.turner.297@example.test,***-**-2989,CONFIDENTIAL,CORPORATE_ACTIONS|RECONCILIATION,Y
CUST-000298,Ironwood Holdings 298,Corporate Treasury,US,NA,MEDIUM,APPROVED,2017-07-01,Taylor Turner,taylor.turner.298@example.test,***-**-3026,CONFIDENTIAL,CORPORATE_ACTIONS|GLOBAL_CUSTODY|RECONCILIATION|SETTLEMENTS,Y
CUST-000299,SilverLake Pension Trust 299,Institutional,US,NA,LOW,APPROVED,2021-07-25,Skyler Martin,skyler.martin.299@example.test,***-**-3063,CONFIDENTIAL,RECONCILIATION,Y
CUST-000300,Clearwater Capital 300,Corporate Treasury,US,NA,LOW,APPROVED,2021-10-05,Morgan Bennett,morgan.bennett.300@example.test,***-**-3100,CONFIDENTIAL,GLOBAL_CUSTODY|RECONCILIATION,Y
CUST-000301,Orion Advisors 301,Institutional,JP,APAC,MEDIUM,APPROVED,2023-11-15,Drew Hughes,drew.hughes.301@example.test,***-**-3137,CONFIDENTIAL,CORPORATE_ACTIONS,Y
CUST-000302,Liberty Advisors 302,Asset Manager,US,NA,LOW,APPROVED,2019-04-03,Morgan Singh,morgan.singh.302@example.test,***-**-3174,CONFIDENTIAL,SETTLEMENTS,Y
CUST-000303,CedarStone Advisors 303,Institutional,SG,APAC,MEDIUM,APPROVED,2024-02-24,Rowan Garcia,rowan.garcia.303@example.test,***-**-3211,CONFIDENTIAL,GLOBAL_CUSTODY|RECONCILIATION|SETTLEMENTS,Y
CUST-000304,Orion Capital 304,Institutional,US,NA,MEDIUM,APPROVED,2016-03-12,Alex Edwards,alex.edwards.304@example.test,***-**-3248,CONFIDENTIAL,CORPORATE_ACTIONS|RECONCILIATION,Y
CUST-000305,BlueRiver Holdings 305,Institutional,GB,EMEA,MEDIUM,ENHANCED_DUE_DILIGENCE,2022-07-30,Finley Kim,finley.kim.305@example.test,***-**-3285,CONFIDENTIAL,GLOBAL_CUSTODY|RECONCILIATION,Y
CUST-000306,SummitGate Pension Trust 306,Institutional,DE,EMEA,LOW,APPROVED,2020-09-20,Dakota Garcia,dakota.garcia.306@example.test,***-**-3322,CONFIDENTIAL,CORPORATE_ACTIONS|GLOBAL_CUSTODY|RECONCILIATION|SETTLEMENTS,Y
CUST-000307,Redwood Investments 307,Insurance,JP,APAC,LOW,APPROVED,2019-01-16,Riley Irwin,riley.irwin.307@example.test,***-**-3359,CONFIDENTIAL,CORPORATE_ACTIONS|GLOBAL_CUSTODY,Y
CUST-000308,Stonebridge Partners 308,Asset Manager,US,NA,HIGH,APPROVED,2024-05-06,Finley Walker,finley.walker.308@example.test,***-**-3396,CONFIDENTIAL,CORPORATE_ACTIONS|SETTLEMENTS,Y
CUST-000309,SummitGate Partners 309,Institutional,GB,EMEA,LOW,APPROVED,2022-10-14,Blake Nguyen,blake.nguyen.309@example.test,***-**-3433,CONFIDENTIAL,GLOBAL_CUSTODY|RECONCILIATION|SETTLEMENTS,Y
CUST-000310,SilverLake Investments 310,Institutional,DE,EMEA,HIGH,APPROVED,2024-08-30,Casey Walker,casey.walker.310@example.test,***-**-3470,CONFIDENTIAL,CORPORATE_ACTIONS|RECONCILIATION|SETTLEMENTS,Y
CUST-000311,CedarStone Holdings 311,Corporate Treasury,US,NA,MEDIUM,APPROVED,2019-04-13,Taylor Irwin,taylor.irwin.311@example.test,***-**-3507,CONFIDENTIAL,CORPORATE_ACTIONS|GLOBAL_CUSTODY|RECONCILIATION,Y
CUST-000312,Greenfield Partners 312,Insurance,US,NA,HIGH,APPROVED,2017-04-14,Finley Patel,finley.patel.312@example.test,***-**-3544,CONFIDENTIAL,CORPORATE_ACTIONS|GLOBAL_CUSTODY,Y
CUST-000313,SummitGate Holdings 313,Institutional,FR,EMEA,HIGH,APPROVED,2019-10-13,Blake Martin,blake.martin.313@example.test,***-**-3581,CONFIDENTIAL,RECONCILIATION,Y
CUST-000314,CedarStone Holdings 314,Asset Manager,US,NA,LOW,APPROVED,2025-03-11,Taylor Martin,taylor.martin.314@example.test,***-**-3618,CONFIDENTIAL,CORPORATE_ACTIONS|RECONCILIATION,Y
CUST-000315,Ironwood Pension Trust 315,Pension Fund,DE,EMEA,LOW,APPROVED,2024-01-11,Jamie Kim,jamie.kim.315@example.test,***-**-3655,CONFIDENTIAL,CORPORATE_ACTIONS|GLOBAL_CUSTODY|RECONCILIATION|SETTLEMENTS,Y
CUST-000316,Northstar Partners 316,Institutional,US,NA,MEDIUM,APPROVED,2025-02-21,Avery Martin,avery.martin.316@example.test,***-**-3692,CONFIDENTIAL,CORPORATE_ACTIONS|GLOBAL_CUSTODY|RECONCILIATION|SETTLEMENTS,Y
CUST-000317,Pioneer Capital 317,Asset Manager,US,NA,LOW,APPROVED,2018-03-01,Jamie Patel,jamie.patel.317@example.test,***-**-3729,CONFIDENTIAL,RECONCILIATION,Y
CUST-000318,Clearwater Advisors 318,Asset Manager,US,NA,LOW,APPROVED,2021-09-04,Avery Reed,avery.reed.318@example.test,***-**-3766,CONFIDENTIAL,CORPORATE_ACTIONS|GLOBAL_CUSTODY|SETTLEMENTS,Y
CUST-000319,Orion Capital 319,Institutional,AU,APAC,LOW,ENHANCED_DUE_DILIGENCE,2021-04-23,Blake Owens,blake.owens.319@example.test,***-**-3803,CONFIDENTIAL,CORPORATE_ACTIONS|GLOBAL_CUSTODY|RECONCILIATION|SETTLEMENTS,Y
CUST-000320,HarborPoint Capital 320,Asset Manager,CA,NA,MEDIUM,APPROVED,2019-06-06,Jordan Bennett,jordan.bennett.320@example.test,***-**-3840,CONFIDENTIAL,GLOBAL_CUSTODY|RECONCILIATION,Y
CUST-000321,Pioneer Capital 321,Asset Manager,SG,APAC,MEDIUM,APPROVED,2022-08-14,Avery Johnson,avery.johnson.321@example.test,***-**-3877,CONFIDENTIAL,RECONCILIATION|SETTLEMENTS,Y
CUST-000322,Greenfield Capital 322,Asset Manager,GB,EMEA,MEDIUM,APPROVED,2018-01-07,Jordan Foster,jordan.foster.322@example.test,***-**-3914,CONFIDENTIAL,CORPORATE_ACTIONS|GLOBAL_CUSTODY|RECONCILIATION|SETTLEMENTS,Y
CUST-000323,Pioneer Asset Management 323,Institutional,GB,EMEA,LOW,REVIEW_DUE,2023-04-08,Taylor Lewis,taylor.lewis.323@example.test,***-**-3951,CONFIDENTIAL,CORPORATE_ACTIONS|GLOBAL_CUSTODY,Y
CUST-000324,BlueRiver Pension Trust 324,Asset Manager,US,NA,LOW,APPROVED,2022-05-06,Cameron Turner,cameron.turner.324@example.test,***-**-3988,CONFIDENTIAL,GLOBAL_CUSTODY|RECONCILIATION,Y
CUST-000325,Stonebridge Holdings 325,Asset Manager,US,NA,MEDIUM,APPROVED,2016-09-19,Dakota Bennett,dakota.bennett.325@example.test,***-**-4025,CONFIDENTIAL,CORPORATE_ACTIONS|GLOBAL_CUSTODY,Y
CUST-000326,Pioneer Holdings 326,Pension Fund,GB,EMEA,LOW,APPROVED,2016-09-19,Drew Johnson,drew.johnson.326@example.test,***-**-4062,CONFIDENTIAL,CORPORATE_ACTIONS|GLOBAL_CUSTODY|SETTLEMENTS,Y
CUST-000327,CedarStone Partners 327,Institutional,US,NA,HIGH,APPROVED,2016-03-24,Parker Kim,parker.kim.327@example.test,***-**-4099,CONFIDENTIAL,GLOBAL_CUSTODY|RECONCILIATION|SETTLEMENTS,Y
CUST-000328,Redwood Holdings 328,Institutional,US,NA,MEDIUM,APPROVED,2025-09-15,Emerson Adams,emerson.adams.328@example.test,***-**-4136,CONFIDENTIAL,CORPORATE_ACTIONS|GLOBAL_CUSTODY|RECONCILIATION|SETTLEMENTS,Y
CUST-000329,Redwood Asset Management 329,Insurance,US,NA,MEDIUM,APPROVED,2021-11-25,Alex Carter,alex.carter.329@example.test,***-**-4173,CONFIDENTIAL,CORPORATE_ACTIONS|GLOBAL_CUSTODY|RECONCILIATION|SETTLEMENTS,Y
CUST-000330,SilverLake Pension Trust 330,Insurance,US,NA,MEDIUM,APPROVED,2021-12-18,Drew Adams,drew.adams.330@example.test,***-**-4210,CONFIDENTIAL,CORPORATE_ACTIONS|GLOBAL_CUSTODY|RECONCILIATION|SETTLEMENTS,Y
CUST-000331,CedarStone Holdings 331,Asset Manager,US,NA,LOW,APPROVED,2024-08-30,Quinn Kim,quinn.kim.331@example.test,***-**-4247,CONFIDENTIAL,CORPORATE_ACTIONS|RECONCILIATION|SETTLEMENTS,Y
CUST-000332,SummitGate Asset Management 332,Corporate Treasury,DE,EMEA,LOW,REVIEW_DUE,2024-04-01,Emerson Lewis,emerson.lewis.332@example.test,***-**-4284,CONFIDENTIAL,GLOBAL_CUSTODY|SETTLEMENTS,Y
CUST-000333,SilverLake Investments 333,Asset Manager,GB,EMEA,LOW,APPROVED,2023-09-05,Quinn Adams,quinn.adams.333@example.test,***-**-4321,CONFIDENTIAL,CORPORATE_ACTIONS|GLOBAL_CUSTODY,Y
CUST-000334,Clearwater Asset Management 334,Asset Manager,GB,EMEA,LOW,APPROVED,2016-03-08,Reese Garcia,reese.garcia.334@example.test,***-**-4358,CONFIDENTIAL,SETTLEMENTS,Y
CUST-000335,SummitGate Capital 335,Corporate Treasury,US,NA,LOW,APPROVED,2024-04-12,Blake Patel,blake.patel.335@example.test,***-**-4395,CONFIDENTIAL,CORPORATE_ACTIONS|GLOBAL_CUSTODY|RECONCILIATION,Y
CUST-000336,Clearwater Capital 336,Institutional,US,NA,LOW,APPROVED,2024-06-29,Blake Adams,blake.adams.336@example.test,***-**-4432,CONFIDENTIAL,CORPORATE_ACTIONS|GLOBAL_CUSTODY|RECONCILIATION|SETTLEMENTS,Y
CUST-000337,Orion Holdings 337,Asset Manager,US,NA,HIGH,APPROVED,2025-03-28,Jordan Bennett,jordan.bennett.337@example.test,***-**-4469,CONFIDENTIAL,SETTLEMENTS,Y
CUST-000338,Greenfield Advisors 338,Institutional,FR,EMEA,LOW,APPROVED,2016-07-02,Casey Bennett,casey.bennett.338@example.test,***-**-4506,CONFIDENTIAL,GLOBAL_CUSTODY|RECONCILIATION|SETTLEMENTS,Y
CUST-000339,Ironwood Holdings 339,Asset Manager,JP,APAC,MEDIUM,APPROVED,2017-10-01,Avery Patel,avery.patel.339@example.test,***-**-4543,CONFIDENTIAL,CORPORATE_ACTIONS|GLOBAL_CUSTODY|RECONCILIATION|SETTLEMENTS,Y
CUST-000340,Redwood Advisors 340,Asset Manager,US,NA,LOW,APPROVED,2018-11-01,Cameron Owens,cameron.owens.340@example.test,***-**-4580,CONFIDENTIAL,CORPORATE_ACTIONS|RECONCILIATION,Y
CUST-000341,Atlas Investments 341,Pension Fund,US,NA,LOW,APPROVED,2020-04-01,Parker Singh,parker.singh.341@example.test,***-**-4617,CONFIDENTIAL,CORPORATE_ACTIONS|GLOBAL_CUSTODY|RECONCILIATION|SETTLEMENTS,Y
CUST-000342,Redwood Capital 342,Institutional,SG,APAC,LOW,APPROVED,2024-04-29,Cameron Diaz,cameron.diaz.342@example.test,***-**-4654,CONFIDENTIAL,RECONCILIATION,Y
CUST-000343,Atlas Pension Trust 343,Asset Manager,US,NA,MEDIUM,APPROVED,2017-08-20,Cameron Diaz,cameron.diaz.343@example.test,***-**-4691,CONFIDENTIAL,CORPORATE_ACTIONS|RECONCILIATION|SETTLEMENTS,Y
CUST-000344,Orion Capital 344,Asset Manager,GB,EMEA,LOW,APPROVED,2019-12-31,Taylor Garcia,taylor.garcia.344@example.test,***-**-4728,CONFIDENTIAL,CORPORATE_ACTIONS|GLOBAL_CUSTODY|SETTLEMENTS,Y
CUST-000345,CedarStone Capital 345,Pension Fund,US,NA,MEDIUM,APPROVED,2023-11-13,Jamie Edwards,jamie.edwards.345@example.test,***-**-4765,CONFIDENTIAL,CORPORATE_ACTIONS|GLOBAL_CUSTODY|RECONCILIATION|SETTLEMENTS,Y
CUST-000346,Greenfield Holdings 346,Pension Fund,US,NA,LOW,REVIEW_DUE,2024-01-18,Dakota Owens,dakota.owens.346@example.test,***-**-4802,CONFIDENTIAL,GLOBAL_CUSTODY|RECONCILIATION|SETTLEMENTS,Y
CUST-000347,Liberty Investments 347,Insurance,US,NA,LOW,APPROVED,2020-07-10,Quinn Patel,quinn.patel.347@example.test,***-**-4839,CONFIDENTIAL,CORPORATE_ACTIONS|GLOBAL_CUSTODY|RECONCILIATION|SETTLEMENTS,Y
CUST-000348,Greenfield Capital 348,Insurance,AU,APAC,MEDIUM,APPROVED,2020-06-04,Avery Garcia,avery.garcia.348@example.test,***-**-4876,CONFIDENTIAL,CORPORATE_ACTIONS|GLOBAL_CUSTODY|SETTLEMENTS,Y
CUST-000349,SummitGate Partners 349,Pension Fund,US,NA,MEDIUM,APPROVED,2018-07-08,Dakota Patel,dakota.patel.349@example.test,***-**-4913,CONFIDENTIAL,CORPORATE_ACTIONS|GLOBAL_CUSTODY|RECONCILIATION|SETTLEMENTS,Y
CUST-000350,SummitGate Advisors 350,Institutional,DE,EMEA,LOW,ENHANCED_DUE_DILIGENCE,2016-07-20,Skyler Nguyen,skyler.nguyen.350@example.test,***-**-4950,CONFIDENTIAL,CORPORATE_ACTIONS|RECONCILIATION|SETTLEMENTS,Y
CUST-000351,BlueRiver Pension Trust 351,Pension Fund,US,NA,LOW,APPROVED,2016-03-24,Morgan Hughes,morgan.hughes.351@example.test,***-**-4987,CONFIDENTIAL,CORPORATE_ACTIONS|GLOBAL_CUSTODY|RECONCILIATION|SETTLEMENTS,Y
CUST-000352,Stonebridge Advisors 352,Institutional,GB,EMEA,MEDIUM,APPROVED,2024-04-03,Casey Irwin,casey.irwin.352@example.test,***-**-5024,CONFIDENTIAL,CORPORATE_ACTIONS|GLOBAL_CUSTODY,Y
CUST-000353,Atlas Advisors 353,Insurance,FR,EMEA,MEDIUM,APPROVED,2019-09-07,Drew Carter,drew.carter.353@example.test,***-**-5061,CONFIDENTIAL,RECONCILIATION|SETTLEMENTS,Y
CUST-000354,SilverLake Pension Trust 354,Pension Fund,US,NA,MEDIUM,APPROVED,2023-10-19,Parker Carter,parker.carter.354@example.test,***-**-5098,CONFIDENTIAL,GLOBAL_CUSTODY|RECONCILIATION|SETTLEMENTS,Y
CUST-000355,Northstar Pension Trust 355,Institutional,CA,NA,MEDIUM,APPROVED,2026-02-19,Taylor Walker,taylor.walker.355@example.test,***-**-5135,CONFIDENTIAL,RECONCILIATION|SETTLEMENTS,Y
CUST-000356,Ironwood Partners 356,Insurance,GB,EMEA,MEDIUM,APPROVED,2018-11-23,Jamie Johnson,jamie.johnson.356@example.test,***-**-5172,CONFIDENTIAL,CORPORATE_ACTIONS|GLOBAL_CUSTODY|RECONCILIATION|SETTLEMENTS,Y
CUST-000357,Liberty Capital 357,Asset Manager,US,NA,LOW,APPROVED,2018-01-17,Taylor Martin,taylor.martin.357@example.test,***-**-5209,CONFIDENTIAL,CORPORATE_ACTIONS|GLOBAL_CUSTODY|SETTLEMENTS,Y
CUST-000358,SilverLake Asset Management 358,Pension Fund,US,NA,LOW,APPROVED,2019-06-21,Jordan Adams,jordan.adams.358@example.test,***-**-5246,CONFIDENTIAL,CORPORATE_ACTIONS|GLOBAL_CUSTODY|RECONCILIATION|SETTLEMENTS,Y
CUST-000359,Pioneer Asset Management 359,Asset Manager,US,NA,LOW,APPROVED,2024-02-02,Morgan Reed,morgan.reed.359@example.test,***-**-5283,CONFIDENTIAL,CORPORATE_ACTIONS|GLOBAL_CUSTODY|RECONCILIATION,Y
CUST-000360,Liberty Asset Management 360,Institutional,AU,APAC,HIGH,APPROVED,2017-10-19,Emerson Patel,emerson.patel.360@example.test,***-**-5320,CONFIDENTIAL,CORPORATE_ACTIONS|GLOBAL_CUSTODY|RECONCILIATION|SETTLEMENTS,Y
CUST-000361,HarborPoint Partners 361,Asset Manager,US,NA,MEDIUM,APPROVED,2018-06-04,Drew Carter,drew.carter.361@example.test,***-**-5357,CONFIDENTIAL,CORPORATE_ACTIONS|GLOBAL_CUSTODY|SETTLEMENTS,Y
CUST-000362,Pioneer Partners 362,Insurance,US,NA,MEDIUM,APPROVED,2016-08-12,Drew Foster,drew.foster.362@example.test,***-**-5394,CONFIDENTIAL,CORPORATE_ACTIONS|GLOBAL_CUSTODY|RECONCILIATION,Y
CUST-000363,CedarStone Advisors 363,Asset Manager,DE,EMEA,MEDIUM,APPROVED,2025-12-07,Morgan Lewis,morgan.lewis.363@example.test,***-**-5431,CONFIDENTIAL,CORPORATE_ACTIONS,Y
CUST-000364,HarborPoint Capital 364,Insurance,JP,APAC,MEDIUM,APPROVED,2019-06-07,Avery Owens,avery.owens.364@example.test,***-**-5468,CONFIDENTIAL,GLOBAL_CUSTODY|RECONCILIATION|SETTLEMENTS,Y
CUST-000365,SummitGate Holdings 365,Institutional,US,NA,LOW,APPROVED,2023-07-12,Taylor Martin,taylor.martin.365@example.test,***-**-5505,CONFIDENTIAL,SETTLEMENTS,Y
CUST-000366,Pioneer Partners 366,Institutional,US,NA,LOW,APPROVED,2022-04-06,Alex Bennett,alex.bennett.366@example.test,***-**-5542,CONFIDENTIAL,GLOBAL_CUSTODY,Y
CUST-000367,Stonebridge Investments 367,Corporate Treasury,CA,NA,LOW,APPROVED,2022-10-07,Drew Kim,drew.kim.367@example.test,***-**-5579,CONFIDENTIAL,GLOBAL_CUSTODY|RECONCILIATION,Y
CUST-000368,CedarStone Advisors 368,Corporate Treasury,US,NA,HIGH,APPROVED,2023-03-30,Reese Edwards,reese.edwards.368@example.test,***-**-5616,CONFIDENTIAL,CORPORATE_ACTIONS|GLOBAL_CUSTODY|RECONCILIATION|SETTLEMENTS,Y
CUST-000369,Greenfield Capital 369,Insurance,CA,NA,LOW,APPROVED,2018-03-20,Parker Reed,parker.reed.369@example.test,***-**-5653,CONFIDENTIAL,CORPORATE_ACTIONS|GLOBAL_CUSTODY|RECONCILIATION|SETTLEMENTS,Y
CUST-000370,SummitGate Pension Trust 370,Pension Fund,CA,NA,MEDIUM,APPROVED,2019-05-14,Finley Patel,finley.patel.370@example.test,***-**-5690,CONFIDENTIAL,CORPORATE_ACTIONS|RECONCILIATION|SETTLEMENTS,Y
CUST-000371,Ironwood Investments 371,Asset Manager,US,NA,LOW,APPROVED,2023-01-30,Hayden Owens,hayden.owens.371@example.test,***-**-5727,CONFIDENTIAL,CORPORATE_ACTIONS|GLOBAL_CUSTODY|RECONCILIATION|SETTLEMENTS,Y
CUST-000372,Orion Partners 372,Asset Manager,CA,NA,HIGH,APPROVED,2024-02-03,Drew Patel,drew.patel.372@example.test,***-**-5764,CONFIDENTIAL,CORPORATE_ACTIONS|GLOBAL_CUSTODY|RECONCILIATION|SETTLEMENTS,Y
CUST-000373,CedarStone Investments 373,Institutional,DE,EMEA,LOW,APPROVED,2017-12-09,Blake Hughes,blake.hughes.373@example.test,***-**-5801,CONFIDENTIAL,CORPORATE_ACTIONS|SETTLEMENTS,Y
CUST-000374,Ironwood Pension Trust 374,Institutional,US,NA,LOW,APPROVED,2023-01-13,Hayden Adams,hayden.adams.374@example.test,***-**-5838,CONFIDENTIAL,GLOBAL_CUSTODY|SETTLEMENTS,Y
CUST-000375,SilverLake Holdings 375,Insurance,US,NA,LOW,APPROVED,2021-10-20,Blake Kim,blake.kim.375@example.test,***-**-5875,CONFIDENTIAL,GLOBAL_CUSTODY|SETTLEMENTS,Y
CUST-000376,Liberty Partners 376,Insurance,US,NA,LOW,ENHANCED_DUE_DILIGENCE,2020-04-30,Finley Turner,finley.turner.376@example.test,***-**-5912,CONFIDENTIAL,RECONCILIATION|SETTLEMENTS,Y
CUST-000377,Clearwater Capital 377,Pension Fund,US,NA,LOW,APPROVED,2021-01-15,Riley Diaz,riley.diaz.377@example.test,***-**-5949,CONFIDENTIAL,CORPORATE_ACTIONS|GLOBAL_CUSTODY|RECONCILIATION|SETTLEMENTS,Y
CUST-000378,Clearwater Holdings 378,Corporate Treasury,JP,APAC,MEDIUM,APPROVED,2019-03-04,Quinn Kim,quinn.kim.378@example.test,***-**-5986,CONFIDENTIAL,GLOBAL_CUSTODY|RECONCILIATION,Y
CUST-000379,Redwood Capital 379,Insurance,FR,EMEA,LOW,APPROVED,2023-11-15,Quinn Turner,quinn.turner.379@example.test,***-**-6023,CONFIDENTIAL,CORPORATE_ACTIONS|GLOBAL_CUSTODY|SETTLEMENTS,Y
CUST-000380,Ironwood Investments 380,Pension Fund,US,NA,LOW,APPROVED,2019-11-13,Reese Hughes,reese.hughes.380@example.test,***-**-6060,CONFIDENTIAL,CORPORATE_ACTIONS|GLOBAL_CUSTODY|SETTLEMENTS,Y
CUST-000381,SilverLake Asset Management 381,Institutional,US,NA,MEDIUM,APPROVED,2026-02-05,Riley Bennett,riley.bennett.381@example.test,***-**-6097,CONFIDENTIAL,CORPORATE_ACTIONS|GLOBAL_CUSTODY|SETTLEMENTS,Y
CUST-000382,Northstar Holdings 382,Corporate Treasury,US,NA,LOW,APPROVED,2016-02-05,Taylor Irwin,taylor.irwin.382@example.test,***-**-6134,CONFIDENTIAL,CORPORATE_ACTIONS|GLOBAL_CUSTODY|RECONCILIATION|SETTLEMENTS,Y
CUST-000383,HarborPoint Advisors 383,Institutional,AU,APAC,MEDIUM,APPROVED,2023-05-25,Riley Patel,riley.patel.383@example.test,***-**-6171,CONFIDENTIAL,CORPORATE_ACTIONS|GLOBAL_CUSTODY|RECONCILIATION,Y
CUST-000384,Stonebridge Advisors 384,Institutional,US,NA,LOW,APPROVED,2017-03-29,Taylor Diaz,taylor.diaz.384@example.test,***-**-6208,CONFIDENTIAL,CORPORATE_ACTIONS|GLOBAL_CUSTODY|RECONCILIATION,Y
CUST-000385,Clearwater Pension Trust 385,Institutional,FR,EMEA,LOW,APPROVED,2017-01-31,Parker Diaz,parker.diaz.385@example.test,***-**-6245,CONFIDENTIAL,RECONCILIATION,Y
CUST-000386,Stonebridge Asset Management 386,Pension Fund,US,NA,LOW,APPROVED,2019-05-30,Parker Lewis,parker.lewis.386@example.test,***-**-6282,CONFIDENTIAL,GLOBAL_CUSTODY,Y
CUST-000387,Atlas Holdings 387,Insurance,US,NA,HIGH,APPROVED,2023-11-29,Jordan Edwards,jordan.edwards.387@example.test,***-**-6319,CONFIDENTIAL,CORPORATE_ACTIONS|GLOBAL_CUSTODY|RECONCILIATION,Y
CUST-000388,BlueRiver Partners 388,Asset Manager,US,NA,LOW,APPROVED,2024-01-17,Finley Patel,finley.patel.388@example.test,***-**-6356,CONFIDENTIAL,CORPORATE_ACTIONS|GLOBAL_CUSTODY|RECONCILIATION,Y
CUST-000389,Orion Holdings 389,Institutional,GB,EMEA,LOW,APPROVED,2023-08-30,Quinn Walker,quinn.walker.389@example.test,***-**-6393,CONFIDENTIAL,GLOBAL_CUSTODY,Y
CUST-000390,Liberty Capital 390,Institutional,JP,APAC,MEDIUM,APPROVED,2017-06-21,Parker Bennett,parker.bennett.390@example.test,***-**-6430,CONFIDENTIAL,GLOBAL_CUSTODY|RECONCILIATION,N
CUST-000391,Liberty Advisors 391,Insurance,GB,EMEA,LOW,APPROVED,2023-10-21,Rowan Adams,rowan.adams.391@example.test,***-**-6467,CONFIDENTIAL,CORPORATE_ACTIONS|GLOBAL_CUSTODY|RECONCILIATION|SETTLEMENTS,Y
CUST-000392,Liberty Investments 392,Asset Manager,US,NA,LOW,APPROVED,2022-03-02,Parker Irwin,parker.irwin.392@example.test,***-**-6504,CONFIDENTIAL,CORPORATE_ACTIONS,Y
CUST-000393,SilverLake Pension Trust 393,Asset Manager,GB,EMEA,LOW,APPROVED,2022-05-24,Finley Adams,finley.adams.393@example.test,***-**-6541,CONFIDENTIAL,CORPORATE_ACTIONS|GLOBAL_CUSTODY|RECONCILIATION|SETTLEMENTS,Y
CUST-000394,Ironwood Holdings 394,Pension Fund,CA,NA,MEDIUM,APPROVED,2021-11-08,Morgan Singh,morgan.singh.394@example.test,***-**-6578,CONFIDENTIAL,CORPORATE_ACTIONS,Y
CUST-000395,Stonebridge Asset Management 395,Asset Manager,DE,EMEA,LOW,REVIEW_DUE,2020-03-02,Parker Reed,parker.reed.395@example.test,***-**-6615,CONFIDENTIAL,CORPORATE_ACTIONS|RECONCILIATION,Y
CUST-000396,Pioneer Investments 396,Pension Fund,AU,APAC,LOW,APPROVED,2020-05-24,Jamie Foster,jamie.foster.396@example.test,***-**-6652,CONFIDENTIAL,CORPORATE_ACTIONS|GLOBAL_CUSTODY|RECONCILIATION|SETTLEMENTS,Y
CUST-000397,Orion Advisors 397,Pension Fund,US,NA,LOW,APPROVED,2016-06-15,Taylor Reed,taylor.reed.397@example.test,***-**-6689,CONFIDENTIAL,CORPORATE_ACTIONS|GLOBAL_CUSTODY|RECONCILIATION,Y
CUST-000398,SummitGate Partners 398,Insurance,US,NA,LOW,APPROVED,2019-02-01,Casey Nguyen,casey.nguyen.398@example.test,***-**-6726,CONFIDENTIAL,CORPORATE_ACTIONS|GLOBAL_CUSTODY|RECONCILIATION,Y
CUST-000399,Liberty Asset Management 399,Corporate Treasury,JP,APAC,LOW,APPROVED,2023-09-01,Quinn Hughes,quinn.hughes.399@example.test,***-**-6763,CONFIDENTIAL,CORPORATE_ACTIONS|GLOBAL_CUSTODY|RECONCILIATION|SETTLEMENTS,Y
CUST-000400,Orion Advisors 400,Insurance,SG,APAC,MEDIUM,APPROVED,2023-08-22,Parker Patel,parker.patel.400@example.test,***-**-6800,CONFIDENTIAL,RECONCILIATION|SETTLEMENTS,Y
CUST-000401,Ironwood Pension Trust 401,Asset Manager,US,NA,MEDIUM,APPROVED,2023-05-24,Jordan Foster,jordan.foster.401@example.test,***-**-6837,CONFIDENTIAL,CORPORATE_ACTIONS|RECONCILIATION,Y
CUST-000402,Ironwood Partners 402,Asset Manager,US,NA,LOW,REVIEW_DUE,2018-09-19,Jordan Walker,jordan.walker.402@example.test,***-**-6874,CONFIDENTIAL,CORPORATE_ACTIONS|RECONCILIATION|SETTLEMENTS,Y
CUST-000403,Orion Partners 403,Institutional,US,NA,MEDIUM,APPROVED,2020-02-22,Skyler Walker,skyler.walker.403@example.test,***-**-6911,CONFIDENTIAL,RECONCILIATION,Y
CUST-000404,Pioneer Pension Trust 404,Pension Fund,US,NA,LOW,APPROVED,2019-03-13,Jamie Bennett,jamie.bennett.404@example.test,***-**-6948,CONFIDENTIAL,CORPORATE_ACTIONS|GLOBAL_CUSTODY|RECONCILIATION|SETTLEMENTS,Y
CUST-000405,Northstar Asset Management 405,Corporate Treasury,US,NA,LOW,APPROVED,2024-10-27,Finley Reed,finley.reed.405@example.test,***-**-6985,CONFIDENTIAL,CORPORATE_ACTIONS|GLOBAL_CUSTODY|RECONCILIATION|SETTLEMENTS,Y
CUST-000406,Pioneer Partners 406,Institutional,CA,NA,MEDIUM,APPROVED,2018-09-25,Drew Hughes,drew.hughes.406@example.test,***-**-7022,CONFIDENTIAL,RECONCILIATION,Y
CUST-000407,Orion Asset Management 407,Insurance,US,NA,HIGH,APPROVED,2023-09-09,Hayden Singh,hayden.singh.407@example.test,***-**-7059,CONFIDENTIAL,CORPORATE_ACTIONS|GLOBAL_CUSTODY|RECONCILIATION|SETTLEMENTS,Y
CUST-000408,Greenfield Capital 408,Institutional,US,NA,LOW,APPROVED,2020-12-08,Dakota Nguyen,dakota.nguyen.408@example.test,***-**-7096,CONFIDENTIAL,CORPORATE_ACTIONS|SETTLEMENTS,Y
CUST-000409,Ironwood Holdings 409,Pension Fund,US,NA,MEDIUM,APPROVED,2021-04-22,Quinn Turner,quinn.turner.409@example.test,***-**-7133,CONFIDENTIAL,CORPORATE_ACTIONS|RECONCILIATION|SETTLEMENTS,Y
CUST-000410,BlueRiver Advisors 410,Asset Manager,US,NA,HIGH,APPROVED,2024-03-29,Alex Kim,alex.kim.410@example.test,***-**-7170,CONFIDENTIAL,RECONCILIATION|SETTLEMENTS,Y
CUST-000411,Clearwater Investments 411,Institutional,US,NA,LOW,APPROVED,2019-09-12,Alex Edwards,alex.edwards.411@example.test,***-**-7207,CONFIDENTIAL,CORPORATE_ACTIONS|GLOBAL_CUSTODY|RECONCILIATION|SETTLEMENTS,Y
CUST-000412,Liberty Asset Management 412,Institutional,US,NA,LOW,ENHANCED_DUE_DILIGENCE,2016-07-02,Avery Kim,avery.kim.412@example.test,***-**-7244,CONFIDENTIAL,CORPORATE_ACTIONS|GLOBAL_CUSTODY|RECONCILIATION,Y
CUST-000413,BlueRiver Partners 413,Pension Fund,JP,APAC,LOW,APPROVED,2016-11-21,Cameron Singh,cameron.singh.413@example.test,***-**-7281,CONFIDENTIAL,CORPORATE_ACTIONS|GLOBAL_CUSTODY|SETTLEMENTS,Y
CUST-000414,Clearwater Pension Trust 414,Pension Fund,AU,APAC,LOW,APPROVED,2020-05-09,Quinn Bennett,quinn.bennett.414@example.test,***-**-7318,CONFIDENTIAL,SETTLEMENTS,Y
CUST-000415,CedarStone Pension Trust 415,Insurance,DE,EMEA,MEDIUM,APPROVED,2022-08-19,Morgan Edwards,morgan.edwards.415@example.test,***-**-7355,CONFIDENTIAL,CORPORATE_ACTIONS|GLOBAL_CUSTODY|RECONCILIATION,Y
CUST-000416,Orion Partners 416,Pension Fund,US,NA,LOW,APPROVED,2024-04-06,Taylor Johnson,taylor.johnson.416@example.test,***-**-7392,CONFIDENTIAL,CORPORATE_ACTIONS|GLOBAL_CUSTODY|RECONCILIATION|SETTLEMENTS,Y
CUST-000417,Orion Capital 417,Pension Fund,US,NA,LOW,APPROVED,2022-06-03,Riley Nguyen,riley.nguyen.417@example.test,***-**-7429,CONFIDENTIAL,RECONCILIATION|SETTLEMENTS,Y
CUST-000418,Liberty Investments 418,Insurance,US,NA,MEDIUM,APPROVED,2019-09-08,Emerson Garcia,emerson.garcia.418@example.test,***-**-7466,CONFIDENTIAL,CORPORATE_ACTIONS|GLOBAL_CUSTODY|RECONCILIATION|SETTLEMENTS,Y
CUST-000419,Orion Partners 419,Institutional,FR,EMEA,MEDIUM,APPROVED,2024-04-24,Taylor Johnson,taylor.johnson.419@example.test,***-**-7503,CONFIDENTIAL,CORPORATE_ACTIONS|RECONCILIATION,Y
CUST-000420,Redwood Advisors 420,Asset Manager,DE,EMEA,LOW,APPROVED,2020-03-11,Rowan Lewis,rowan.lewis.420@example.test,***-**-7540,CONFIDENTIAL,SETTLEMENTS,Y
CUST-000421,Greenfield Investments 421,Pension Fund,FR,EMEA,LOW,REVIEW_DUE,2016-11-08,Dakota Johnson,dakota.johnson.421@example.test,***-**-7577,CONFIDENTIAL,CORPORATE_ACTIONS|GLOBAL_CUSTODY|SETTLEMENTS,Y
CUST-000422,Greenfield Holdings 422,Insurance,JP,APAC,LOW,APPROVED,2021-10-24,Quinn Patel,quinn.patel.422@example.test,***-**-7614,CONFIDENTIAL,CORPORATE_ACTIONS|GLOBAL_CUSTODY|RECONCILIATION|SETTLEMENTS,Y
CUST-000423,Redwood Capital 423,Pension Fund,US,NA,MEDIUM,APPROVED,2019-09-13,Jamie Kim,jamie.kim.423@example.test,***-**-7651,CONFIDENTIAL,RECONCILIATION|SETTLEMENTS,Y
CUST-000424,Liberty Pension Trust 424,Institutional,US,NA,MEDIUM,APPROVED,2023-02-05,Alex Martin,alex.martin.424@example.test,***-**-7688,CONFIDENTIAL,CORPORATE_ACTIONS|GLOBAL_CUSTODY|SETTLEMENTS,Y
CUST-000425,SilverLake Holdings 425,Pension Fund,US,NA,LOW,APPROVED,2016-05-06,Drew Turner,drew.turner.425@example.test,***-**-7725,CONFIDENTIAL,CORPORATE_ACTIONS|GLOBAL_CUSTODY|SETTLEMENTS,Y
CUST-000426,SummitGate Holdings 426,Asset Manager,US,NA,MEDIUM,APPROVED,2018-11-20,Casey Singh,casey.singh.426@example.test,***-**-7762,CONFIDENTIAL,RECONCILIATION,Y
CUST-000427,SummitGate Pension Trust 427,Institutional,US,NA,LOW,APPROVED,2017-11-27,Drew Hughes,drew.hughes.427@example.test,***-**-7799,CONFIDENTIAL,CORPORATE_ACTIONS|GLOBAL_CUSTODY|SETTLEMENTS,Y
CUST-000428,Clearwater Partners 428,Pension Fund,DE,EMEA,HIGH,APPROVED,2019-05-25,Skyler Adams,skyler.adams.428@example.test,***-**-7836,CONFIDENTIAL,RECONCILIATION|SETTLEMENTS,Y
CUST-000429,Northstar Holdings 429,Pension Fund,US,NA,LOW,APPROVED,2021-04-01,Jordan Carter,jordan.carter.429@example.test,***-**-7873,CONFIDENTIAL,CORPORATE_ACTIONS|RECONCILIATION,Y
CUST-000430,Stonebridge Capital 430,Insurance,CA,NA,HIGH,APPROVED,2020-07-31,Skyler Owens,skyler.owens.430@example.test,***-**-7910,CONFIDENTIAL,RECONCILIATION|SETTLEMENTS,Y
CUST-000431,BlueRiver Asset Management 431,Institutional,CA,NA,LOW,APPROVED,2018-05-26,Alex Nguyen,alex.nguyen.431@example.test,***-**-7947,CONFIDENTIAL,CORPORATE_ACTIONS|SETTLEMENTS,Y
CUST-000432,Atlas Partners 432,Pension Fund,US,NA,MEDIUM,APPROVED,2025-03-01,Emerson Nguyen,emerson.nguyen.432@example.test,***-**-7984,CONFIDENTIAL,CORPORATE_ACTIONS|GLOBAL_CUSTODY,Y
CUST-000433,Stonebridge Holdings 433,Pension Fund,CA,NA,LOW,APPROVED,2018-03-08,Blake Lewis,blake.lewis.433@example.test,***-**-8021,CONFIDENTIAL,CORPORATE_ACTIONS|GLOBAL_CUSTODY|RECONCILIATION|SETTLEMENTS,Y
CUST-000434,Stonebridge Partners 434,Asset Manager,US,NA,LOW,APPROVED,2025-10-28,Reese Garcia,reese.garcia.434@example.test,***-**-8058,CONFIDENTIAL,CORPORATE_ACTIONS|RECONCILIATION|SETTLEMENTS,Y
CUST-000435,SummitGate Investments 435,Asset Manager,CA,NA,LOW,APPROVED,2020-11-28,Quinn Edwards,quinn.edwards.435@example.test,***-**-8095,CONFIDENTIAL,CORPORATE_ACTIONS|RECONCILIATION,Y
CUST-000436,SummitGate Pension Trust 436,Insurance,CA,NA,LOW,APPROVED,2019-03-25,Parker Johnson,parker.johnson.436@example.test,***-**-8132,CONFIDENTIAL,CORPORATE_ACTIONS|GLOBAL_CUSTODY|RECONCILIATION|SETTLEMENTS,Y
CUST-000437,Pioneer Pension Trust 437,Institutional,US,NA,MEDIUM,APPROVED,2018-12-16,Finley Reed,finley.reed.437@example.test,***-**-8169,CONFIDENTIAL,GLOBAL_CUSTODY,Y
CUST-000438,SilverLake Asset Management 438,Asset Manager,AU,APAC,LOW,APPROVED,2019-12-29,Skyler Bennett,skyler.bennett.438@example.test,***-**-8206,CONFIDENTIAL,SETTLEMENTS,Y
CUST-000439,Pioneer Asset Management 439,Institutional,CA,NA,MEDIUM,APPROVED,2024-02-29,Skyler Singh,skyler.singh.439@example.test,***-**-8243,CONFIDENTIAL,CORPORATE_ACTIONS|GLOBAL_CUSTODY|RECONCILIATION,Y
CUST-000440,Redwood Capital 440,Asset Manager,GB,EMEA,MEDIUM,ENHANCED_DUE_DILIGENCE,2020-05-26,Riley Bennett,riley.bennett.440@example.test,***-**-8280,CONFIDENTIAL,SETTLEMENTS,Y
CUST-000441,SilverLake Pension Trust 441,Corporate Treasury,US,NA,LOW,APPROVED,2018-11-21,Hayden Martin,hayden.martin.441@example.test,***-**-8317,CONFIDENTIAL,GLOBAL_CUSTODY,Y
CUST-000442,SilverLake Capital 442,Corporate Treasury,GB,EMEA,MEDIUM,APPROVED,2023-02-06,Cameron Walker,cameron.walker.442@example.test,***-**-8354,CONFIDENTIAL,CORPORATE_ACTIONS|GLOBAL_CUSTODY|SETTLEMENTS,Y
CUST-000443,Stonebridge Capital 443,Institutional,SG,APAC,LOW,APPROVED,2024-09-09,Skyler Edwards,skyler.edwards.443@example.test,***-**-8391,CONFIDENTIAL,CORPORATE_ACTIONS|GLOBAL_CUSTODY|RECONCILIATION|SETTLEMENTS,Y
CUST-000444,Atlas Advisors 444,Insurance,US,NA,LOW,APPROVED,2025-04-23,Blake Adams,blake.adams.444@example.test,***-**-8428,CONFIDENTIAL,RECONCILIATION,Y
CUST-000445,SilverLake Advisors 445,Institutional,SG,APAC,MEDIUM,APPROVED,2017-10-23,Dakota Diaz,dakota.diaz.445@example.test,***-**-8465,CONFIDENTIAL,CORPORATE_ACTIONS|GLOBAL_CUSTODY|RECONCILIATION|SETTLEMENTS,Y
CUST-000446,Redwood Asset Management 446,Institutional,US,NA,LOW,APPROVED,2018-11-18,Finley Turner,finley.turner.446@example.test,***-**-8502,CONFIDENTIAL,CORPORATE_ACTIONS|RECONCILIATION|SETTLEMENTS,Y
CUST-000447,SummitGate Capital 447,Corporate Treasury,US,NA,LOW,APPROVED,2024-08-30,Alex Kim,alex.kim.447@example.test,***-**-8539,CONFIDENTIAL,SETTLEMENTS,Y
CUST-000448,SilverLake Asset Management 448,Insurance,CA,NA,MEDIUM,APPROVED,2018-04-07,Skyler Bennett,skyler.bennett.448@example.test,***-**-8576,CONFIDENTIAL,GLOBAL_CUSTODY|RECONCILIATION,Y
CUST-000449,HarborPoint Advisors 449,Institutional,DE,EMEA,MEDIUM,APPROVED,2020-09-13,Hayden Adams,hayden.adams.449@example.test,***-**-8613,CONFIDENTIAL,CORPORATE_ACTIONS|RECONCILIATION|SETTLEMENTS,Y
CUST-000450,HarborPoint Investments 450,Asset Manager,FR,EMEA,LOW,APPROVED,2023-09-25,Finley Patel,finley.patel.450@example.test,***-**-8650,CONFIDENTIAL,CORPORATE_ACTIONS|SETTLEMENTS,Y
CUST-000451,Atlas Holdings 451,Asset Manager,JP,APAC,MEDIUM,APPROVED,2020-12-16,Dakota Lewis,dakota.lewis.451@example.test,***-**-8687,CONFIDENTIAL,CORPORATE_ACTIONS|GLOBAL_CUSTODY|RECONCILIATION|SETTLEMENTS,Y
CUST-000452,SummitGate Investments 452,Institutional,US,NA,MEDIUM,APPROVED,2016-07-27,Finley Garcia,finley.garcia.452@example.test,***-**-8724,CONFIDENTIAL,GLOBAL_CUSTODY,Y
CUST-000453,BlueRiver Holdings 453,Pension Fund,DE,EMEA,LOW,APPROVED,2016-04-05,Finley Martin,finley.martin.453@example.test,***-**-8761,CONFIDENTIAL,CORPORATE_ACTIONS|GLOBAL_CUSTODY,Y
CUST-000454,SummitGate Advisors 454,Institutional,US,NA,LOW,APPROVED,2025-08-05,Cameron Nguyen,cameron.nguyen.454@example.test,***-**-8798,CONFIDENTIAL,CORPORATE_ACTIONS|GLOBAL_CUSTODY|RECONCILIATION|SETTLEMENTS,Y
CUST-000455,Stonebridge Advisors 455,Institutional,US,NA,HIGH,APPROVED,2017-04-20,Emerson Irwin,emerson.irwin.455@example.test,***-**-8835,CONFIDENTIAL,GLOBAL_CUSTODY|SETTLEMENTS,Y
CUST-000456,Liberty Investments 456,Pension Fund,US,NA,MEDIUM,APPROVED,2017-05-23,Hayden Hughes,hayden.hughes.456@example.test,***-**-8872,CONFIDENTIAL,CORPORATE_ACTIONS|GLOBAL_CUSTODY|RECONCILIATION,Y
CUST-000457,SilverLake Asset Management 457,Asset Manager,SG,APAC,HIGH,ENHANCED_DUE_DILIGENCE,2020-04-07,Blake Owens,blake.owens.457@example.test,***-**-8909,CONFIDENTIAL,CORPORATE_ACTIONS|GLOBAL_CUSTODY|RECONCILIATION|SETTLEMENTS,Y
CUST-000458,Greenfield Capital 458,Insurance,US,NA,LOW,APPROVED,2016-12-29,Dakota Reed,dakota.reed.458@example.test,***-**-8946,CONFIDENTIAL,CORPORATE_ACTIONS|RECONCILIATION,Y
CUST-000459,Pioneer Holdings 459,Institutional,US,NA,MEDIUM,APPROVED,2022-01-04,Rowan Carter,rowan.carter.459@example.test,***-**-8983,CONFIDENTIAL,CORPORATE_ACTIONS|RECONCILIATION|SETTLEMENTS,Y
CUST-000460,HarborPoint Holdings 460,Institutional,US,NA,MEDIUM,APPROVED,2019-01-03,Emerson Martin,emerson.martin.460@example.test,***-**-9020,CONFIDENTIAL,RECONCILIATION,Y
CUST-000461,SummitGate Partners 461,Institutional,US,NA,LOW,APPROVED,2017-08-03,Quinn Lewis,quinn.lewis.461@example.test,***-**-9057,CONFIDENTIAL,CORPORATE_ACTIONS|RECONCILIATION|SETTLEMENTS,Y
CUST-000462,HarborPoint Pension Trust 462,Institutional,CA,NA,LOW,APPROVED,2020-09-17,Drew Edwards,drew.edwards.462@example.test,***-**-9094,CONFIDENTIAL,SETTLEMENTS,Y
CUST-000463,HarborPoint Asset Management 463,Pension Fund,US,NA,MEDIUM,APPROVED,2019-04-15,Emerson Edwards,emerson.edwards.463@example.test,***-**-9131,CONFIDENTIAL,CORPORATE_ACTIONS,Y
CUST-000464,Pioneer Capital 464,Institutional,AU,APAC,MEDIUM,APPROVED,2024-04-24,Drew Garcia,drew.garcia.464@example.test,***-**-9168,CONFIDENTIAL,CORPORATE_ACTIONS|GLOBAL_CUSTODY,Y
CUST-000465,HarborPoint Asset Management 465,Institutional,US,NA,HIGH,APPROVED,2020-10-26,Hayden Nguyen,hayden.nguyen.465@example.test,***-**-9205,CONFIDENTIAL,CORPORATE_ACTIONS|SETTLEMENTS,Y
CUST-000466,Clearwater Holdings 466,Institutional,GB,EMEA,LOW,APPROVED,2022-03-04,Blake Patel,blake.patel.466@example.test,***-**-9242,CONFIDENTIAL,CORPORATE_ACTIONS|GLOBAL_CUSTODY|SETTLEMENTS,Y
CUST-000467,HarborPoint Advisors 467,Asset Manager,FR,EMEA,LOW,APPROVED,2020-08-03,Emerson Carter,emerson.carter.467@example.test,***-**-9279,CONFIDENTIAL,CORPORATE_ACTIONS|RECONCILIATION|SETTLEMENTS,Y
CUST-000468,Clearwater Pension Trust 468,Institutional,US,NA,MEDIUM,APPROVED,2025-08-21,Taylor Johnson,taylor.johnson.468@example.test,***-**-9316,CONFIDENTIAL,CORPORATE_ACTIONS|GLOBAL_CUSTODY|RECONCILIATION,Y
CUST-000469,Ironwood Advisors 469,Pension Fund,SG,APAC,LOW,APPROVED,2025-07-04,Jamie Reed,jamie.reed.469@example.test,***-**-9353,CONFIDENTIAL,CORPORATE_ACTIONS|GLOBAL_CUSTODY,Y
CUST-000470,Orion Investments 470,Insurance,US,NA,MEDIUM,APPROVED,2022-09-28,Avery Kim,avery.kim.470@example.test,***-**-9390,CONFIDENTIAL,CORPORATE_ACTIONS|GLOBAL_CUSTODY|RECONCILIATION|SETTLEMENTS,Y
CUST-000471,Northstar Capital 471,Asset Manager,CA,NA,LOW,APPROVED,2020-10-11,Dakota Nguyen,dakota.nguyen.471@example.test,***-**-9427,CONFIDENTIAL,CORPORATE_ACTIONS|GLOBAL_CUSTODY|RECONCILIATION|SETTLEMENTS,Y
CUST-000472,Orion Capital 472,Asset Manager,GB,EMEA,MEDIUM,APPROVED,2020-11-04,Skyler Turner,skyler.turner.472@example.test,***-**-9464,CONFIDENTIAL,GLOBAL_CUSTODY|RECONCILIATION|SETTLEMENTS,Y
CUST-000473,Clearwater Pension Trust 473,Asset Manager,GB,EMEA,MEDIUM,APPROVED,2021-03-14,Blake Reed,blake.reed.473@example.test,***-**-9501,CONFIDENTIAL,CORPORATE_ACTIONS|GLOBAL_CUSTODY|RECONCILIATION|SETTLEMENTS,Y
CUST-000474,BlueRiver Asset Management 474,Pension Fund,JP,APAC,MEDIUM,APPROVED,2025-03-20,Casey Garcia,casey.garcia.474@example.test,***-**-9538,CONFIDENTIAL,RECONCILIATION|SETTLEMENTS,Y
CUST-000475,Clearwater Asset Management 475,Asset Manager,US,NA,LOW,APPROVED,2021-03-25,Rowan Edwards,rowan.edwards.475@example.test,***-**-9575,CONFIDENTIAL,GLOBAL_CUSTODY|SETTLEMENTS,Y
CUST-000476,BlueRiver Pension Trust 476,Pension Fund,DE,EMEA,HIGH,APPROVED,2021-09-25,Taylor Diaz,taylor.diaz.476@example.test,***-**-9612,CONFIDENTIAL,SETTLEMENTS,Y
CUST-000477,Atlas Investments 477,Asset Manager,US,NA,LOW,APPROVED,2021-12-17,Dakota Owens,dakota.owens.477@example.test,***-**-9649,CONFIDENTIAL,CORPORATE_ACTIONS|SETTLEMENTS,Y
CUST-000478,Liberty Advisors 478,Pension Fund,GB,EMEA,MEDIUM,APPROVED,2020-07-22,Alex Martin,alex.martin.478@example.test,***-**-9686,CONFIDENTIAL,GLOBAL_CUSTODY|RECONCILIATION|SETTLEMENTS,Y
CUST-000479,SummitGate Partners 479,Pension Fund,US,NA,LOW,APPROVED,2020-06-17,Taylor Turner,taylor.turner.479@example.test,***-**-9723,CONFIDENTIAL,RECONCILIATION,Y
CUST-000480,Ironwood Advisors 480,Insurance,US,NA,LOW,APPROVED,2022-02-10,Jordan Irwin,jordan.irwin.480@example.test,***-**-9760,CONFIDENTIAL,GLOBAL_CUSTODY|RECONCILIATION|SETTLEMENTS,Y
CUST-000481,Northstar Capital 481,Institutional,US,NA,LOW,APPROVED,2024-07-08,Cameron Nguyen,cameron.nguyen.481@example.test,***-**-9797,CONFIDENTIAL,CORPORATE_ACTIONS|RECONCILIATION|SETTLEMENTS,Y
CUST-000482,SummitGate Asset Management 482,Pension Fund,FR,EMEA,LOW,APPROVED,2018-06-30,Morgan Nguyen,morgan.nguyen.482@example.test,***-**-9834,CONFIDENTIAL,CORPORATE_ACTIONS|GLOBAL_CUSTODY|RECONCILIATION,Y
CUST-000483,SummitGate Investments 483,Institutional,US,NA,MEDIUM,REVIEW_DUE,2025-02-17,Jordan Walker,jordan.walker.483@example.test,***-**-9871,CONFIDENTIAL,CORPORATE_ACTIONS|GLOBAL_CUSTODY|RECONCILIATION|SETTLEMENTS,Y
CUST-000484,SilverLake Asset Management 484,Institutional,DE,EMEA,HIGH,APPROVED,2026-02-07,Quinn Martin,quinn.martin.484@example.test,***-**-9908,CONFIDENTIAL,CORPORATE_ACTIONS|GLOBAL_CUSTODY|RECONCILIATION|SETTLEMENTS,Y
CUST-000485,Greenfield Pension Trust 485,Pension Fund,US,NA,LOW,REVIEW_DUE,2021-01-06,Jamie Kim,jamie.kim.485@example.test,***-**-9945,CONFIDENTIAL,CORPORATE_ACTIONS|GLOBAL_CUSTODY|SETTLEMENTS,Y
CUST-000486,Atlas Capital 486,Asset Manager,DE,EMEA,LOW,APPROVED,2024-04-02,Alex Walker,alex.walker.486@example.test,***-**-9982,CONFIDENTIAL,RECONCILIATION,Y
CUST-000487,Northstar Investments 487,Asset Manager,CA,NA,MEDIUM,APPROVED,2022-11-07,Skyler Carter,skyler.carter.487@example.test,***-**-1019,CONFIDENTIAL,GLOBAL_CUSTODY,Y
CUST-000488,SilverLake Advisors 488,Insurance,US,NA,LOW,APPROVED,2025-10-24,Reese Lewis,reese.lewis.488@example.test,***-**-1056,CONFIDENTIAL,RECONCILIATION|SETTLEMENTS,Y
CUST-000489,Liberty Holdings 489,Institutional,AU,APAC,LOW,APPROVED,2025-08-17,Alex Bennett,alex.bennett.489@example.test,***-**-1093,CONFIDENTIAL,CORPORATE_ACTIONS|GLOBAL_CUSTODY|RECONCILIATION|SETTLEMENTS,Y
CUST-000490,HarborPoint Asset Management 490,Institutional,US,NA,LOW,APPROVED,2026-02-10,Drew Singh,drew.singh.490@example.test,***-**-1130,CONFIDENTIAL,CORPORATE_ACTIONS|GLOBAL_CUSTODY|SETTLEMENTS,Y
CUST-000491,SilverLake Asset Management 491,Institutional,DE,EMEA,LOW,APPROVED,2020-01-05,Hayden Bennett,hayden.bennett.491@example.test,***-**-1167,CONFIDENTIAL,CORPORATE_ACTIONS|GLOBAL_CUSTODY,Y
CUST-000492,Greenfield Pension Trust 492,Insurance,US,NA,MEDIUM,APPROVED,2021-11-09,Emerson Kim,emerson.kim.492@example.test,***-**-1204,CONFIDENTIAL,CORPORATE_ACTIONS|GLOBAL_CUSTODY,Y
CUST-000493,CedarStone Holdings 493,Asset Manager,US,NA,LOW,APPROVED,2019-12-07,Finley Walker,finley.walker.493@example.test,***-**-1241,CONFIDENTIAL,CORPORATE_ACTIONS|GLOBAL_CUSTODY|RECONCILIATION|SETTLEMENTS,Y
CUST-000494,HarborPoint Asset Management 494,Institutional,US,NA,LOW,APPROVED,2021-12-12,Dakota Adams,dakota.adams.494@example.test,***-**-1278,CONFIDENTIAL,CORPORATE_ACTIONS|GLOBAL_CUSTODY|RECONCILIATION,Y
CUST-000495,Atlas Asset Management 495,Institutional,GB,EMEA,MEDIUM,REVIEW_DUE,2017-07-17,Rowan Johnson,rowan.johnson.495@example.test,***-**-1315,CONFIDENTIAL,CORPORATE_ACTIONS|SETTLEMENTS,Y
CUST-000496,Orion Investments 496,Pension Fund,US,NA,LOW,ENHANCED_DUE_DILIGENCE,2016-10-03,Jamie Diaz,jamie.diaz.496@example.test,***-**-1352,CONFIDENTIAL,GLOBAL_CUSTODY|RECONCILIATION,Y
CUST-000497,HarborPoint Partners 497,Asset Manager,US,NA,LOW,APPROVED,2022-07-17,Casey Garcia,casey.garcia.497@example.test,***-**-1389,CONFIDENTIAL,RECONCILIATION,Y
CUST-000498,SilverLake Partners 498,Pension Fund,US,NA,LOW,APPROVED,2023-03-11,Avery Martin,avery.martin.498@example.test,***-**-1426,CONFIDENTIAL,RECONCILIATION|SETTLEMENTS,Y
CUST-000499,Pioneer Pension Trust 499,Corporate Treasury,US,NA,LOW,APPROVED,2023-09-14,Finley Reed,finley.reed.499@example.test,***-**-1463,CONFIDENTIAL,CORPORATE_ACTIONS|SETTLEMENTS,Y
CUST-000500,SilverLake Asset Management 500,Institutional,SG,APAC,MEDIUM,APPROVED,2023-03-22,Finley Owens,finley.owens.500@example.test,***-**-1500,CONFIDENTIAL,CORPORATE_ACTIONS|GLOBAL_CUSTODY|RECONCILIATION,Y
